sample_id,day0_a724_gt,day0_a724_wsaf,day0_a724_dp,day0_k13_all,day0_k13_wsaf,day0_a724_mutant,day0_k13_mutant,day3_a724_gt,day3_a724_wsaf,day3_a724_dp,day3_k13_all,day3_k13_wsaf,day3_a724_mutant,day3_k13_mutant
8033751,0/0,0.0,813.0,P667A,1.0,wildtype,mutant,,,,,,,
8033754,1/1,0.99004,2677.0,A724E,0.99004,mutant,mutant,0/1,0.852827,3434.0,P667A-A724E,0.8794915,mutant,mutant
8033755,0/1,0.23734,4613.0,P667S-A724E,0.917721,mutant,mutant,,,,,,,
8033756,0/0,0.000453104,2079.0,WT,0.0,wildtype,wildtype,,,,,,,
8033758,0/1,0.030971,2232.0,C473F-A724E,0.286011,mutant,mutant,,,,,,,
8033759,0/0,0.0198189,554.0,C473F,0.977278,wildtype,mutant,,,,,,,
8033760,0/1,0.840259,3713.0,A724E,0.840259,mutant,mutant,,,,,,,
8033761,1/1,1.0,1935.0,A724E,1.0,mutant,mutant,,,,,,,
8033762,1/1,1.0,3678.0,A724E,1.0,mutant,mutant,,,,,,,
8033763,1/1,0.999657,2350.0,A724E,0.999657,mutant,mutant,1/1,0.999658,4337.0,A724E,0.999658,mutant,mutant
8033767,0/1,0.833376,3535.0,A724E,0.833376,mutant,mutant,,,,,,,
8033768,0/1,0.282216,4584.0,A724E,0.282216,mutant,mutant,,,,,,,
8033770,0/1,0.118261,2253.0,A724E,0.118261,mutant,mutant,,,,,,,
8033772,1/1,1.0,4627.0,A724E,1.0,mutant,mutant,,,,,,,
8033773,0/1,0.801418,4519.0,A724E,0.801418,mutant,mutant,,,,,,,
8033775,0/1,0.180452,3015.0,A724E,0.180452,mutant,mutant,,,,,,,
8033776,0/1,0.695817,1823.0,A724E,0.695817,mutant,mutant,,,,,,,
8033777,1/1,1.0,2097.0,A724E,1.0,mutant,mutant,,,,,,,
8033778,0/1,0.180744,3288.0,A724E,0.180744,mutant,mutant,,,,,,,
8033779,1/1,0.993446,900.0,A724E,0.993446,mutant,mutant,,,,,,,
8033781,0/0,0.0,2911.0,S485N,1.0,wildtype,mutant,,,,,,,
8033783,1/1,1.0,2133.0,A724E,1.0,mutant,mutant,,,,,,,
8033784,1/1,0.99977,2793.0,A724E,0.99977,mutant,mutant,1/1,1.0,318.0,A724E,1.0,mutant,mutant
8033786,0/0,0.00527132,2194.0,WT,0.0,wildtype,wildtype,,,,,,,
8033787,0/0,0.0,4756.0,WT,0.0,wildtype,wildtype,,,,,,,
8033788,0/1,0.72532,3959.0,A724E,0.72532,mutant,mutant,,,,,,,
8033789,0/1,0.982012,3447.0,A724E,0.982012,mutant,mutant,,,,,,,
8033795,0/0,1.52506e-05,4834.0,WT,0.0,wildtype,wildtype,,,,,,,
8033797,0/0,1.52506e-05,4777.0,WT,0.0,wildtype,wildtype,,,,,,,
8033799,0/1,0.446255,4557.0,P667A-A724E,0.5092837,mutant,mutant,,,,,,,
8033800,0/1,0.818999,4655.0,A675V-A724E,0.953698,mutant,mutant,,,,,,,
8033806,0/1,0.166478,4732.0,A724E,0.166478,mutant,mutant,,,,,,,
8033807,1/1,1.0,4712.0,A724E,1.0,mutant,mutant,,,,,,,
8033808,0/1,0.52914,4679.0,P667S-A724E,0.798098,mutant,mutant,,,,,,,
8033809,1/1,0.999701,4730.0,A724E,0.999701,mutant,mutant,,,,,,,
8033811,0/1,0.698863,4583.0,A724E,0.698863,mutant,mutant,,,,,,,
8033812,0/0,9.69633e-05,4775.0,WT,0.0,wildtype,wildtype,,,,,,,
8036218,0/1,0.605661,4576.0,S485N-A724E,0.9768870000000001,mutant,mutant,1/1,0.998342,1126.0,A724E,0.998342,mutant,mutant
8036219,0/1,0.975191,4638.0,A724E,0.975191,mutant,mutant,1/1,0.999697,2311.0,A724E,0.999697,mutant,mutant
8036220,0/1,0.959976,4553.0,P667A-A724E,0.9962396,mutant,mutant,,,,,,,
8036221,0/0,1.52506e-05,4480.0,WT,0.0,wildtype,wildtype,,,,,,,
8036222,0/1,0.253204,4559.0,A724E,0.253204,mutant,mutant,0/1,0.951453,1250.0,A724E,0.951453,mutant,mutant
8036223,1/1,1.0,4648.0,A724E,1.0,mutant,mutant,1/1,0.99905,985.0,A724E,0.99905,mutant,mutant
8036225,0/1,0.0761103,1177.0,R622T-A724E,0.2994903,mutant,mutant,,,,,,,
8036227,0/1,0.813635,4579.0,A724E,0.813635,mutant,mutant,,,,,,,
8036228,0/0,1.52506e-05,4671.0,G533A,0.999837,wildtype,mutant,0/0,0.0,628.0,G533A,1.0,wildtype,mutant
8036229,1/1,0.999385,2836.0,A724E,0.999385,mutant,mutant,,,,,,,
8036230,0/1,0.0410456,3827.0,P667S-A724E,0.9946496,mutant,mutant,,,,,,,
8036231,1/1,0.999781,4627.0,A724E,0.999781,mutant,mutant,,,,,,,
8036232,0/1,0.098069,4614.0,A724E,0.098069,mutant,mutant,,,,,,,
8036233,0/0,1.52506e-05,4703.0,S485N,0.999517,wildtype,mutant,,,,,,,
8036234,0/1,0.74396,2986.0,A724E,0.74396,mutant,mutant,1/1,1.0,726.0,A724E,1.0,mutant,mutant
8036238,1/1,0.999882,4639.0,A724E,0.999882,mutant,mutant,1/1,0.999985,4625.0,A724E,0.999985,mutant,mutant
8036239,1/1,0.999985,4559.0,A724E,0.999985,mutant,mutant,1/1,1.0,250.0,A724E,1.0,mutant,mutant
8036240,1/1,0.999557,4095.0,A724E,0.999557,mutant,mutant,1/1,0.994508,182.0,A724E,0.994508,mutant,mutant
8036243,0/1,0.491935,4503.0,A724E,0.491935,mutant,mutant,1/1,0.999592,4134.0,A724E,0.999592,mutant,mutant
8036246,0/1,0.300643,4620.0,A724E,0.300643,mutant,mutant,,,,,,,
8036249,0/0,0.0,2769.0,P441L,0.136505,wildtype,mutant,,,,,,,
8036253,0/1,0.0162189,4632.0,R622T-A724E,1.0003659,mutant,mutant,,,,,,,
8036261,1/1,0.999985,4739.0,A724E,0.999985,mutant,mutant,,,,,,,
8036263,0/0,0.000131228,4837.0,WT,0.0,wildtype,wildtype,,,,,,,
8036264,0/1,0.134623,4382.0,P667A-A724E,0.9468639999999999,mutant,mutant,,,,,,,
8036265,0/0,0.000106963,4773.0,WT,0.0,wildtype,wildtype,,,,,,,
8036266,0/1,0.90172,4662.0,A724E,0.90172,mutant,mutant,,,,,,,
8036267,0/1,0.0343865,4269.0,A724E,0.0343865,mutant,mutant,,,,,,,
8036268,1/1,0.999794,3660.0,A724E,0.999794,mutant,mutant,,,,,,,
8036269,1/1,0.999837,3810.0,A724E,0.999837,mutant,mutant,,,,,,,
8036271,0/0,0.0,4803.0,P667A,0.999791,wildtype,mutant,,,,,,,
8036272,0/0,0.00020203,4817.0,WT,0.0,wildtype,wildtype,,,,,,,
8036273,1/1,0.999781,4274.0,A724E,0.999781,mutant,mutant,,,,,,,
8036274,0/0,0.0,1663.0,WT,0.0,wildtype,wildtype,,,,,,,
8036275,0/1,0.0839269,4777.0,A724E,0.0839269,mutant,mutant,,,,,,,
8036279,1/1,1.0,4685.0,A724E,1.0,mutant,mutant,1/1,0.993077,142.0,A724E,0.993077,mutant,mutant
8036280,0/1,0.320756,4688.0,P667A-A724E,0.984888,mutant,mutant,,,,,,,
8036282,1/1,0.999985,4645.0,A724E,0.999985,mutant,mutant,,,,,,,
8036283,1/1,0.999513,4680.0,A724E,0.999513,mutant,mutant,,,,,,,
8036284,0/1,0.220354,4671.0,A724E,0.220354,mutant,mutant,,,,,,,
8036285,0/0,0.0,4784.0,WT,0.0,wildtype,wildtype,,,,,,,
8036286,0/0,0.000210066,4509.0,WT,0.0,wildtype,wildtype,,,,,,,
8036287,0/1,0.735767,4589.0,P667A-A724E,0.9847779999999999,mutant,mutant,,,,,,,
8036288,0/0,0.0127411,3849.0,WT,0.0,wildtype,wildtype,,,,,,,
8036289,1/1,0.999985,4745.0,A724E,0.999985,mutant,mutant,,,,,,,
8036290,0/1,0.191029,4701.0,A724E,0.191029,mutant,mutant,,,,,,,
8036291,0/1,0.926855,2674.0,A724E,0.926855,mutant,mutant,,,,,,,
8036292,0/1,0.547753,4333.0,P667A-A724E,0.985615,mutant,mutant,0/1,0.557905,2289.0,P667A-A724E,0.990185,mutant,mutant
8036294,1/1,1.0,4684.0,A724E,1.0,mutant,mutant,,,,,,,
8036295,1/1,1.0,4740.0,A724E,1.0,mutant,mutant,,,,,,,
8036296,1/1,0.998425,3015.0,A724E,0.998425,mutant,mutant,,,,,,,
8036297,0/0,0.00252768,4791.0,WT,0.0,wildtype,wildtype,,,,,,,
8036298,0/1,0.13266,4748.0,P667A-A724E,0.837974,mutant,mutant,,,,,,,
8036301,0/0,0.000211301,4477.0,WT,0.0,wildtype,wildtype,,,,,,,
8036302,1/1,1.0,4638.0,A724E,1.0,mutant,mutant,,,,,,,
8036303,0/1,0.937988,1876.0,A724E,0.937988,mutant,mutant,,,,,,,
8036304,0/1,0.329583,4631.0,A724E,0.329583,mutant,mutant,,,,,,,
8036305,0/1,0.933617,2055.0,A724E,0.933617,mutant,mutant,,,,,,,
8036307,1/1,0.999267,2614.0,A724E,0.999267,mutant,mutant,,,,,,,
8036309,0/1,0.616952,746.0,P441L-A724E,0.6819308,mutant,mutant,,,,,,,
8036310,0/0,0.000243298,2880.0,P667A,0.550545,wildtype,mutant,,,,,,,
8036312,0/1,0.946525,1582.0,A724E,0.946525,mutant,mutant,,,,,,,
8036314,0/1,0.576691,1349.0,R622T-A724E,0.729972,mutant,mutant,,,,,,,
8036315,0/1,0.72405,1148.0,G533A-A724E,0.7949108,mutant,mutant,,,,,,,
8036316,0/1,0.672941,703.0,A724E,0.672941,mutant,mutant,,,,,,,
8036317,1/1,0.997734,713.0,A724E,0.997734,mutant,mutant,,,,,,,
8036318,0/1,0.93922,329.0,A724E,0.93922,mutant,mutant,,,,,,,
8036319,0/1,0.157388,907.0,A724E,0.157388,mutant,mutant,,,,,,,
8036321,0/1,0.680226,1407.0,A724E,0.680226,mutant,mutant,,,,,,,
8036322,0/0,0.00110186,896.0,WT,0.0,wildtype,wildtype,,,,,,,
8036323,0/0,0.000723137,1307.0,WT,0.0,wildtype,wildtype,,,,,,,
8036324,0/1,0.199352,431.0,A675V-A724E,0.66879,mutant,mutant,0/1,0.853183,252.0,A675V-A724E,1.003112,mutant,mutant
8036325,0/1,0.142642,4254.0,A675V-A724E,0.6907509999999999,mutant,mutant,,,,,,,
8036333,0/0,0.00249805,1563.0,WT,0.0,wildtype,wildtype,,,,,,,
8036334,1/1,0.998476,650.0,A724E,0.998476,mutant,mutant,,,,,,,
8036339,0/1,0.177137,4659.0,R622T-A724E,0.19853769999999998,mutant,mutant,,,,,,,
8036340,1/1,1.0,2840.0,A724E,1.0,mutant,mutant,,,,,,,
8036341,0/1,0.885523,4409.0,A724E,0.885523,mutant,mutant,,,,,,,
8036342,0/1,0.308344,992.0,A724E,0.308344,mutant,mutant,,,,,,,
8036343,0/1,0.341118,2022.0,A724E,0.341118,mutant,mutant,,,,,,,
8036345,1/1,1.0,1202.0,A724E,1.0,mutant,mutant,,,,,,,
8036347,1/1,0.989299,1116.0,A724E,0.989299,mutant,mutant,,,,,,,
8036351,1/1,0.999447,2780.0,A724E,0.999447,mutant,mutant,1/1,1.0,207.0,A724E,1.0,mutant,mutant
8036353,0/0,0.0061754,485.0,P441L,0.980314,wildtype,mutant,,,,,,,
8036354,1/1,1.0,2450.0,A724E,1.0,mutant,mutant,,,,,,,
8036355,1/1,1.0,2791.0,A724E,1.0,mutant,mutant,,,,,,,
8036356,1/1,1.0,223.0,A724E,1.0,mutant,mutant,1/1,0.999344,1503.0,A724E,0.999344,mutant,mutant
8036357,0/1,0.0311545,1488.0,A724E,0.0311545,mutant,mutant,,,,,,,
8036358,0/1,0.0457574,4104.0,A724E,0.0457574,mutant,mutant,,,,,,,
8036359,0/1,0.225191,574.0,A724E,0.225191,mutant,mutant,,,,,,,
8036360,1/1,1.0,237.0,A724E,1.0,mutant,mutant,,,,,,,
8036361,0/1,0.802318,3644.0,A724E,0.802318,mutant,mutant,,,,,,,
8036362,0/1,0.422251,1457.0,A724E,0.422251,mutant,mutant,0/1,0.955745,1821.0,A724E,0.955745,mutant,mutant
8036365,1/1,1.0,1107.0,A724E,1.0,mutant,mutant,,,,,,,
8036367,0/1,0.197092,725.0,A724E,0.197092,mutant,mutant,,,,,,,
8036368,1/1,0.999985,1896.0,A724E,0.999985,mutant,mutant,,,,,,,
8036376,1/1,0.999789,3701.0,A724E,0.999789,mutant,mutant,,,,,,,
8036380,0/0,0.00884213,674.0,WT,0.0,wildtype,wildtype,,,,,,,
8036381,0/1,0.0498103,977.0,A724E,0.0498103,mutant,mutant,,,,,,,
8036382,0/1,0.388335,3316.0,A724E,0.388335,mutant,mutant,,,,,,,
8036383,0/0,0.00593541,4667.0,WT,0.0,wildtype,wildtype,,,,,,,
8036385,0/1,0.405575,1573.0,A724E,0.405575,mutant,mutant,,,,,,,
8036387,0/0,0.000887598,1945.0,WT,0.0,wildtype,wildtype,,,,,,,
8036388,1/1,0.998279,4216.0,A724E,0.998279,mutant,mutant,1/1,0.993497,152.0,A724E,0.993497,mutant,mutant
8036390,1/1,1.0,293.0,A724E,1.0,mutant,mutant,1/1,1.0,506.0,A724E,1.0,mutant,mutant
8036393,0/1,0.909067,2632.0,A724E,0.909067,mutant,mutant,,,,,,,
8036395,0/1,0.0684077,2172.0,A724E,0.0684077,mutant,mutant,,,,,,,
8036396,0/1,0.977446,1240.0,A724E,0.977446,mutant,mutant,,,,,,,
8036398,0/0,0.00354538,1675.0,WT,0.0,wildtype,wildtype,,,,,,,
8036399,0/0,0.0,1964.0,WT,0.0,wildtype,wildtype,,,,,,,
8036401,1/1,1.0,3661.0,A724E,1.0,mutant,mutant,,,,,,,
8036403,1/1,1.0,1960.0,A724E,1.0,mutant,mutant,,,,,,,
8036404,1/1,0.990205,2768.0,A724E,0.990205,mutant,mutant,,,,,,,
8036406,1/1,0.999646,4693.0,A724E,0.999646,mutant,mutant,,,,,,,
8036407,1/1,1.0,4696.0,A724E,1.0,mutant,mutant,,,,,,,
8036408,0/1,0.961644,4717.0,A724E,0.961644,mutant,mutant,,,,,,,
8036409,0/0,0.000648506,2462.0,WT,0.0,wildtype,wildtype,,,,,,,
8036411,1/1,0.999655,4753.0,A724E,0.999655,mutant,mutant,,,,,,,
8036412,1/1,0.999847,4719.0,A724E,0.999847,mutant,mutant,,,,,,,
8036413,0/1,0.880708,4689.0,A724E,0.880708,mutant,mutant,,,,,,,
8036415,1/1,0.999985,4706.0,A724E,0.999985,mutant,mutant,,,,,,,
8036416,0/1,0.9633,3541.0,A724E,0.9633,mutant,mutant,,,,,,,
8036417,1/1,1.0,754.0,A724E,1.0,mutant,mutant,,,,,,,
8036418,0/1,0.326973,2033.0,V637I-A724E,0.4117853,mutant,mutant,,,,,,,
8036420,0/1,0.2427,247.0,P441L-V637I-A724E,0.47118499999999996,mutant,mutant,,,,,,,
8036422,1/1,0.999408,4273.0,A724E,0.999408,mutant,mutant,,,,,,,
8036423,0/1,0.479629,3538.0,A724E,0.479629,mutant,mutant,,,,,,,
8036424,0/1,0.29465,3844.0,A724E,0.29465,mutant,mutant,,,,,,,
8036425,1/1,1.0,2782.0,A724E,1.0,mutant,mutant,,,,,,,
8036426,1/1,0.998355,4136.0,A724E,0.998355,mutant,mutant,,,,,,,
8036427,1/1,1.0,4605.0,A724E,1.0,mutant,mutant,,,,,,,
8036428,0/0,0.000443104,1973.0,P667A,0.998571,wildtype,mutant,,,,,,,
8036429,0/1,0.410248,1087.0,P667A-A724E,0.48444,mutant,mutant,,,,,,,
8036430,0/1,0.965278,2661.0,A724E,0.965278,mutant,mutant,,,,,,,
8036432,0/1,0.0235378,3774.0,A724E,0.0235378,mutant,mutant,,,,,,,
8036433,0/1,0.694218,3452.0,A724E,0.694218,mutant,mutant,,,,,,,
8036435,0/1,0.352594,4142.0,A724E,0.352594,mutant,mutant,0/1,0.621206,821.0,A724E,0.621206,mutant,mutant
8036437,1/1,0.999049,1037.0,A724E,0.999049,mutant,mutant,,,,,,,
8036438,1/1,0.989314,4082.0,A724E,0.989314,mutant,mutant,,,,,,,
8036440,0/0,0.00553116,2560.0,WT,0.0,wildtype,wildtype,,,,,,,
8036441,0/1,0.954142,2056.0,A724E,0.954142,mutant,mutant,,,,,,,
8036444,0/1,0.802963,553.0,A724E,0.802963,mutant,mutant,,,,,,,
8036445,0/0,0.0122427,2613.0,WT,0.0,wildtype,wildtype,,,,,,,
8036446,0/0,0.00121203,4703.0,WT,0.0,wildtype,wildtype,,,,,,,
8036449,0/1,0.0247361,4535.0,P667S-A724E,0.9965521,mutant,mutant,0/1,0.028684,4041.0,P667S-A724E,0.999271,mutant,mutant
8036450,0/0,0.0,3829.0,P667S,0.998847,wildtype,mutant,,,,,,,
8036453,0/1,0.521427,1819.0,A724E,0.521427,mutant,mutant,,,,,,,
8036454,1/1,0.999639,2379.0,A724E,0.999639,mutant,mutant,,,,,,,
8036462,0/1,0.101644,1452.0,R622T-A724E,0.6266149999999999,mutant,mutant,,,,,,,
8036464,0/1,0.962809,1442.0,P667A-A724E,0.9841447,mutant,mutant,,,,,,,
8036466,0/1,0.725986,3535.0,A724E,0.725986,mutant,mutant,,,,,,,
