sample_id,province,district,year
1021361,Western,Kaoma,2018
1021362,Western,Kaoma,2018
1021364,Western,Kaoma,2018
1021365,Western,Kaoma,2018
1021367,Western,Kaoma,2018
1021372,Western,Kaoma,2018
1021374,Western,Kaoma,2018
1021377,Western,Kaoma,2018
1021430,Western,Kaoma,2018
1021432,Western,Kaoma,2018
1021436,Western,Kaoma,2018
1021437,Western,Kaoma,2018
1021441,Western,Kaoma,2018
1021444,Western,Kaoma,2018
1021445,Western,Kaoma,2018
1021446,Western,Kaoma,2018
1023543,Western,Kaoma,2018
1023544,Western,Kaoma,2018
1023545,Western,Kaoma,2018
1023547,Western,Kaoma,2018
1023548,Western,Kaoma,2018
1023549,Western,Kaoma,2018
1023550,Western,Kaoma,2018
1023595,Western,Kaoma,2018
1023597,Western,Kaoma,2018
1023598,Western,Kaoma,2018
1023599,Western,Kaoma,2018
1025556,Western,Kaoma,2018
2023596,Western,Kaoma,2018
1039399,Western,Kaoma,2021
1041440,Western,Kaoma,2021
1041441,Western,Kaoma,2021
1041438,Western,Kaoma,2021
1039398,Western,Kaoma,2021
1041449,Western,Kaoma,2021
1041452,Western,Kaoma,2021
1041453,Western,Kaoma,2021
1041454,Western,Kaoma,2021
1041455,Western,Kaoma,2021
1041457,Western,Kaoma,2021
1041459,Western,Kaoma,2021
1041462,Western,Kaoma,2021
1041471,Western,Kaoma,2021
1041469,Western,Kaoma,2021
1041475,Western,Kaoma,2021
1041476,Western,Kaoma,2021
1041470,Western,Kaoma,2021
1041472,Western,Kaoma,2021
1041473,Western,Kaoma,2021
1041576,Western,Kaoma,2021
1041578,Western,Kaoma,2021
1041575,Western,Kaoma,2021
1041627,Western,Kaoma,2021
1041622,Western,Kaoma,2021
1041623,Western,Kaoma,2021
1041630,Western,Kaoma,2021
1041437,Western,Kaoma,2021
1041443,Western,Kaoma,2021
1041447,Western,Kaoma,2021
1041448,Western,Kaoma,2021
1041464,Western,Kaoma,2021
1041465,Western,Kaoma,2021
1041477,Western,Kaoma,2021
1041478,Western,Kaoma,2021
1041479,Western,Kaoma,2021
1041481,Western,Kaoma,2021
1041483,Western,Kaoma,2021
1041484,Western,Kaoma,2021
1041487,Western,Kaoma,2021
1041491,Western,Kaoma,2021
1041494,Western,Kaoma,2021
1041496,Western,Kaoma,2021
1041497,Western,Kaoma,2021
1041499,Western,Kaoma,2021
1041500,Western,Kaoma,2021
1041503,Western,Kaoma,2021
1041505,Western,Kaoma,2021
1041507,Western,Kaoma,2021
1041506,Western,Kaoma,2021
1041509,Western,Kaoma,2021
1041515,Western,Kaoma,2021
1041517,Western,Kaoma,2021
1041521,Western,Kaoma,2021
1041527,Western,Kaoma,2021
1041528,Western,Kaoma,2021
1041529,Western,Kaoma,2021
1041533,Western,Kaoma,2021
1041540,Western,Kaoma,2021
1041541,Western,Kaoma,2021
1041543,Western,Kaoma,2021
1041544,Western,Kaoma,2021
1041545,Western,Kaoma,2021
1041546,Western,Kaoma,2021
1041555,Western,Kaoma,2021
1041554,Western,Kaoma,2021
1041547,Western,Kaoma,2021
1041557,Western,Kaoma,2021
1039395,Western,Kaoma,2021
1041560,Western,Kaoma,2021
1041561,Western,Kaoma,2021
1041564,Western,Kaoma,2021
1041568,Western,Kaoma,2021
1041562,Western,Kaoma,2021
1041569,Western,Kaoma,2021
1041570,Western,Kaoma,2021
1041571,Western,Kaoma,2021
1041572,Western,Kaoma,2021
1041573,Western,Kaoma,2021
1041574,Western,Kaoma,2021
1041579,Western,Kaoma,2021
1041580,Western,Kaoma,2021
1041581,Western,Kaoma,2021
1041582,Western,Kaoma,2021
1041583,Western,Kaoma,2021
1041584,Western,Kaoma,2021
1041585,Western,Kaoma,2021
1041586,Western,Kaoma,2021
1041587,Western,Kaoma,2021
1041588,Western,Kaoma,2021
01045795,Western,Kaoma,2023
01045803,Western,Kaoma,2023
01045804,Western,Kaoma,2023
01045811,Western,Kaoma,2023
01045816,Western,Kaoma,2023
01045817,Western,Kaoma,2023
01045819,Western,Kaoma,2023
8021370,Western,Kaoma,2023
8021373,Western,Kaoma,2023
8021375,Western,Kaoma,2023
8021377,Western,Kaoma,2023
8021378,Western,Kaoma,2023
8021381,Western,Kaoma,2023
8021387,Western,Kaoma,2023
8021390,Western,Kaoma,2023
8021393,Western,Kaoma,2023
8021396,Western,Kaoma,2023
8021397,Western,Kaoma,2023
8021399,Western,Kaoma,2023
8021401,Western,Kaoma,2023
8021402,Western,Kaoma,2023
8021403,Western,Kaoma,2023
8021404,Western,Kaoma,2023
8021405,Western,Kaoma,2023
8021406,Western,Kaoma,2023
8021408,Western,Kaoma,2023
8021409,Western,Kaoma,2023
8021410,Western,Kaoma,2023
8021412,Western,Kaoma,2023
8021413,Western,Kaoma,2023
8021455,Western,Kaoma,2023
8021456,Western,Kaoma,2023
8021460,Western,Kaoma,2023
8021461,Western,Kaoma,2023
8021462,Western,Kaoma,2023
8021465,Western,Kaoma,2023
8021466,Western,Kaoma,2023
8021468,Western,Kaoma,2023
8021469,Western,Kaoma,2023
8021472,Western,Kaoma,2023
8021434,Western,Kaoma,2023
8021433,Western,Kaoma,2023
8021431,Western,Kaoma,2023
8021430,Western,Kaoma,2023
8021427,Western,Kaoma,2023
8021424,Western,Kaoma,2023
8021422,Western,Kaoma,2023
8021421,Western,Kaoma,2023
8021420,Western,Kaoma,2023
8021414,Western,Kaoma,2023
8021435,Western,Kaoma,2023
8021436,Western,Kaoma,2023
8021439,Western,Kaoma,2023
8021442,Western,Kaoma,2023
8021443,Western,Kaoma,2023
8021445,Western,Kaoma,2023
8021446,Western,Kaoma,2023
8021448,Western,Kaoma,2023
8021449,Western,Kaoma,2023
8021450,Western,Kaoma,2023
8021473,Western,Kaoma,2023
8021474,Western,Kaoma,2023
8021478,Western,Kaoma,2023
8021480,Western,Kaoma,2023
8021488,Western,Kaoma,2023
8021492,Western,Kaoma,2023
8021496,Western,Kaoma,2023
8021503,Western,Kaoma,2023
8021506,Western,Kaoma,2023
8021510,Western,Kaoma,2023
8021511,Western,Kaoma,2023
8021512,Western,Kaoma,2023
8021513,Western,Kaoma,2023
8021514,Western,Kaoma,2023
8021515,Western,Kaoma,2023
8021521,Western,Kaoma,2023
8021520,Western,Kaoma,2023
8021522,Western,Kaoma,2023
8021526,Western,Kaoma,2023
8021531,Western,Kaoma,2023
8021536,Western,Kaoma,2023
8021540,Western,Kaoma,2023
8021541,Western,Kaoma,2023
8021547,Western,Kaoma,2023
8021549,Western,Kaoma,2023
8021550,Western,Kaoma,2023
8021557,Western,Kaoma,2023
8021558,Western,Kaoma,2023
8021560,Western,Kaoma,2023
8021563,Western,Kaoma,2023
8032294,western,kaoma,2024
8032295,western,kaoma,2024
8032297,western,kaoma,2024
8032298,western,kaoma,2024
8032300,western,kaoma,2024
8032543,western,kaoma,2024
8032544,western,kaoma,2024
8032545,western,kaoma,2024
8032546,western,kaoma,2024
8032547,western,kaoma,2024
8032548,western,kaoma,2024
8021957,western,kaoma,2024
8021912,western,kaoma,2024
8021958,western,kaoma,2024
8021913,western,kaoma,2024
8021959,western,kaoma,2024
8021960,western,kaoma,2024
8021914,western,kaoma,2024
8021915,western,kaoma,2024
8021961,western,kaoma,2024
8021962,western,kaoma,2024
8021963,western,kaoma,2024
8021964,western,kaoma,2024
8021965,western,kaoma,2024
8021917,western,kaoma,2024
8021918,western,kaoma,2024
8021966,western,kaoma,2024
8021967,western,kaoma,2024
8021919,western,kaoma,2024
8021920,western,kaoma,2024
8021968,western,kaoma,2024
8021921,western,kaoma,2024
8021922,western,kaoma,2024
8021923,western,kaoma,2024
8021969,western,kaoma,2024
8021970,western,kaoma,2024
8021971,western,kaoma,2024
8021956,western,kaoma,2024
8021924,western,kaoma,2024
8021925,western,kaoma,2024
8021926,western,kaoma,2024
8021927,western,kaoma,2024
8021928,western,kaoma,2024
8021972,western,kaoma,2024
8021973,western,kaoma,2024
8021929,western,kaoma,2024
8021930,western,kaoma,2024
8021974,western,kaoma,2024
8021975,western,kaoma,2024
8021931,western,kaoma,2024
8021932,western,kaoma,2024
8021933,western,kaoma,2024
8021934,western,kaoma,2024
8021935,western,kaoma,2024
8021976,western,kaoma,2024
8021936,western,kaoma,2024
8021937,western,kaoma,2024
8021938,western,kaoma,2024
8021977,western,kaoma,2024
8021978,western,kaoma,2024
8021979,western,kaoma,2024
8021980,western,kaoma,2024
8021981,western,kaoma,2024
8021939,western,kaoma,2024
8021982,western,kaoma,2024
8021983,western,kaoma,2024
8021984,western,kaoma,2024
8021940,western,kaoma,2024
8021941,western,kaoma,2024
8021985,western,kaoma,2024
8021986,western,kaoma,2024
8021987,western,kaoma,2024
8021988,western,kaoma,2024
8021989,western,kaoma,2024
8021942,western,kaoma,2024
8021943,western,kaoma,2024
8021990,western,kaoma,2024
8021991,western,kaoma,2024
8021944,western,kaoma,2024
8021992,western,kaoma,2024
8021945,western,kaoma,2024
8021946,western,kaoma,2024
8021947,western,kaoma,2024
8021993,western,kaoma,2024
8021994,western,kaoma,2024
8021948,western,kaoma,2024
8021949,western,kaoma,2024
8021995,western,kaoma,2024
8021996,western,kaoma,2024
8021950,western,kaoma,2024
8021951,western,kaoma,2024
8021997,western,kaoma,2024
8021952,western,kaoma,2024
8021998,western,kaoma,2024
8021999,western,kaoma,2024
8021953,western,kaoma,2024
8022000,western,kaoma,2024
8021954,western,kaoma,2024
1053916,western,kaoma,2024
1053917,western,kaoma,2024
1053918,western,kaoma,2024
1053919,western,kaoma,2024
1053920,western,kaoma,2024
1053921,western,kaoma,2024
1053922,western,kaoma,2024
1053923,western,kaoma,2024
1053924,western,kaoma,2024
1053925,western,kaoma,2024
1053926,western,kaoma,2024
8021955,western,kaoma,2024
8036218,Western,Kaoma,2026
8036219,Western,Kaoma,2026
8036220,Western,Kaoma,2026
8036221,Western,Kaoma,2026
8036222,Western,Kaoma,2026
8036223,Western,Kaoma,2026
8036224,Western,Kaoma,2026
8036225,Western,Kaoma,2026
8036226,Western,Kaoma,2026
8036227,Western,Kaoma,2026
8036228,Western,Kaoma,2026
8036229,Western,Kaoma,2026
8036230,Western,Kaoma,2026
8036231,Western,Kaoma,2026
8036232,Western,Kaoma,2026
8036233,Western,Kaoma,2026
8036234,Western,Kaoma,2026
8036238,Western,Kaoma,2026
8036239,Western,Kaoma,2026
8036240,Western,Kaoma,2026
8036243,Western,Kaoma,2026
8036246,Western,Kaoma,2026
8036249,Western,Kaoma,2026
8036253,Western,Kaoma,2026
8036261,Western,Kaoma,2026
8036263,Western,Kaoma,2026
8036264,Western,Kaoma,2026
8036265,Western,Kaoma,2026
8036266,Western,Kaoma,2026
8036267,Western,Kaoma,2026
8036268,Western,Kaoma,2026
8036269,Western,Kaoma,2026
8036271,Western,Kaoma,2026
8036272,Western,Kaoma,2026
8036273,Western,Kaoma,2026
8036274,Western,Kaoma,2026
8036275,Western,Kaoma,2026
8036279,Western,Kaoma,2026
8036280,Western,Kaoma,2026
8036282,Western,Kaoma,2026
8036283,Western,Kaoma,2026
8036284,Western,Kaoma,2026
8036285,Western,Kaoma,2026
8036286,Western,Kaoma,2026
8036287,Western,Kaoma,2026
8036288,Western,Kaoma,2026
8036289,Western,Kaoma,2026
8036290,Western,Kaoma,2026
8036291,Western,Kaoma,2026
8036292,Western,Kaoma,2026
8036294,Western,Kaoma,2026
8036295,Western,Kaoma,2026
8036296,Western,Kaoma,2026
8036297,Western,Kaoma,2026
8036298,Western,Kaoma,2026
8036301,Western,Kaoma,2026
8036302,Western,Kaoma,2026
8036303,Western,Kaoma,2026
8036304,Western,Kaoma,2026
8036305,Western,Kaoma,2026
8036307,Western,Kaoma,2026
8036309,Western,Kaoma,2026
8036310,Western,Kaoma,2026
8036312,Western,Kaoma,2026
8036313,Western,Kaoma,2026
8036314,Western,Kaoma,2026
8036315,Western,Kaoma,2026
8036316,Western,Kaoma,2026
8036317,Western,Kaoma,2026
8036318,Western,Kaoma,2026
8036319,Western,Kaoma,2026
8036321,Western,Kaoma,2026
8036322,Western,Kaoma,2026
8036323,Western,Kaoma,2026
8036324,Western,Kaoma,2026
8036325,Western,Kaoma,2026
8036327,Western,Kaoma,2026
8036328,Western,Kaoma,2026
8036333,Western,Kaoma,2026
8036334,Western,Kaoma,2026
8036337,Western,Kaoma,2026
8036339,Western,Kaoma,2026
8036340,Western,Kaoma,2026
8036341,Western,Kaoma,2026
8036342,Western,Kaoma,2026
8036343,Western,Kaoma,2026
8036345,Western,Kaoma,2026
8036346,Western,Kaoma,2026
8036347,Western,Kaoma,2026
8036349,Western,Kaoma,2026
8036350,Western,Kaoma,2026
8036351,Western,Kaoma,2026
8036352,Western,Kaoma,2026
8036353,Western,Kaoma,2026
8036354,Western,Kaoma,2026
8036355,Western,Kaoma,2026
8036356,Western,Kaoma,2026
8036357,Western,Kaoma,2026
8036358,Western,Kaoma,2026
8036359,Western,Kaoma,2026
8036360,Western,Kaoma,2026
8036361,Western,Kaoma,2026
8036362,Western,Kaoma,2026
8036364,Western,Kaoma,2026
8036365,Western,Kaoma,2026
8036367,Western,Kaoma,2026
8036368,Western,Kaoma,2026
8036372,Western,Kaoma,2026
8036376,Western,Kaoma,2026
8036379,Western,Kaoma,2026
8036380,Western,Kaoma,2026
8036381,Western,Kaoma,2026
8036382,Western,Kaoma,2026
8036383,Western,Kaoma,2026
8036385,Western,Kaoma,2026
8036387,Western,Kaoma,2026
8036388,Western,Kaoma,2026
8036390,Western,Kaoma,2026
8036393,Western,Kaoma,2026
8036395,Western,Kaoma,2026
8036396,Western,Kaoma,2026
8036398,Western,Kaoma,2026
8036399,Western,Kaoma,2026
8036401,Western,Kaoma,2026
8036403,Western,Kaoma,2026
8036404,Western,Kaoma,2026
8036416,Western,Kaoma,2026
8036417,Western,Kaoma,2026
8036418,Western,Kaoma,2026
8036420,Western,Kaoma,2026
8036429,Western,Kaoma,2026
8036430,Western,Kaoma,2026
8036432,Western,Kaoma,2026
8036433,Western,Kaoma,2026
8036435,Western,Kaoma,2026
8036437,Western,Kaoma,2026
8036438,Western,Kaoma,2026
8036440,Western,Kaoma,2026
8036441,Western,Kaoma,2026
8036444,Western,Kaoma,2026
8036445,Western,Kaoma,2026
8036446,Western,Kaoma,2026
8036449,Western,Kaoma,2026
8036450,Western,Kaoma,2026
8036453,Western,Kaoma,2026
8036454,Western,Kaoma,2026
8033756,Western,Kaoma,2026
8036462,Western,Kaoma,2026
8036464,Western,Kaoma,2026
8036466,Western,Kaoma,2026
8033751,Western,Kaoma,2026
8033754,Western,Kaoma,2026
8033755,Western,Kaoma,2026
8033758,Western,Kaoma,2026
8033759,Western,Kaoma,2026
8033760,Western,Kaoma,2026
8033761,Western,Kaoma,2026
8033762,Western,Kaoma,2026
8033763,Western,Kaoma,2026
8036422,Western,Kaoma,2026
8036423,Western,Kaoma,2026
8036424,Western,Kaoma,2026
8036425,Western,Kaoma,2026
8036426,Western,Kaoma,2026
8036427,Western,Kaoma,2026
8036428,Western,Kaoma,2026
8033767,Western,Kaoma,2026
8033768,Western,Kaoma,2026
8033770,Western,Kaoma,2026
8033772,Western,Kaoma,2026
8033773,Western,Kaoma,2026
8033775,Western,Kaoma,2026
8033776,Western,Kaoma,2026
8033777,Western,Kaoma,2026
8033778,Western,Kaoma,2026
8033779,Western,Kaoma,2026
8033781,Western,Kaoma,2026
8033783,Western,Kaoma,2026
8033784,Western,Kaoma,2026
8033785,Western,Kaoma,2026
8033786,Western,Kaoma,2026
8033787,Western,Kaoma,2026
8033788,Western,Kaoma,2026
