sample_id,extraction_id,extraction_date,notes
8010683,Z001,04.12.25,
8034059,Z002,04.12.25,
8012421,Z003,04.12.25,
8032055,Z004,04.12.25,
5053837,Z005,04.12.25,
8013476,Z006,04.12.25,
8022279,Z007,04.12.25,
1012556,Z008,04.12.25,
8023679,Z009,04.12.25,
1012424,Z010,04.12.25,
1046680,Z011,04.12.25,
8034050,Z012,04.12.25,
8023299,Z013,04.12.25,
1046674,Z014,04.12.25,
8034017,Z015,04.12.25,
8013498,Z016,04.12.25,
8031277,Z017,04.12.25,
1012426,Z018,04.12.25,
8033412,Z019,04.12.25,
8034025,Z020,04.12.25,
8034028,Z021,04.12.25,
8034053,Z022,04.12.25,
8022819,Z023,05.12.25,
8023430,Z024,05.12.25,
8021935,Z025,05.12.25,
8023320,Z026,05.12.25,
8032347,Z027,05.12.25,
8034030,Z028,05.12.25,
5053740,Z029,05.12.25,
8019456,Z030,05.12.25,
8031527,Z031,05.12.25,
8031773,Z032,05.12.25,
8021039,Z033,05.12.25,
8034002,Z034,05.12.25,
8032343,Z035,05.12.25,
1046719,Z036,05.12.25,
8021930,Z037,05.12.25,
8034031,Z038,05.12.25,
8023351,Z039,05.12.25,
1012542,Z040,05.12.25,
1012420,Z041,05.12.25,
8034036,Z042,05.12.25,
5053742,Z043,05.12.25,
8023442,Z044,05.12.25,
8031771,Z045,08.12.25,
8011963,Z046,08.12.25,
8031271,Z047,08.12.25,
1046689,Z048,08.12.25,
8031566,Z049,08.12.25,
8033415,Z050,08.12.25,
8031770,Z051,08.12.25,
8034016,Z052,08.12.25,
8032543,Z053,08.12.25,
8034019,Z054,08.12.25,
1046720,Z055,08.12.25,
8033426,Z056,08.12.25,
1046678,Z057,08.12.25,
1046675,Z058,08.12.25,
1046718,Z059,08.12.25,
1046728,Z060,08.12.25,
1046677,Z061,08.12.25,
8034026,Z062,08.12.25,
8034024,Z063,08.12.25,
1046705,Z064,08.12.25,
8032579,Z065,08.12.25,
8032594,Z066,08.12.25,
8031769,Z067,08.12.25,
8032595,Z068,08.12.25,
8032589,Z069,08.12.25,
8031765,Z070,08.12.25,
8032583,Z071,08.12.25,
8031761,Z072,08.12.25,
8031523,Z073,08.12.25,
8013555,Z074,08.12.25,
8032037,Z075,08.12.25,
8031324,Z076,08.12.25,
8031512,Z077,08.12.25,
8022315,Z078,08.12.25,
8013676,Z079,08.12.25,
8013686,Z080,08.12.25,
8033342,Z081,08.12.25,
8033344,Z082,08.12.25,
8033355,Z083,08.12.25,
8033369,Z084,08.12.25,
8033385,Z085,08.12.25,
8010843,Z086,08.12.25,
8013681,Z087,08.12.25,
8034014,Z088,08.12.25,
8034015,Z089,08.12.25,
8034010,Z090,08.12.25,
8034037,Z091,09.12.25,
8032000,Z092,09.12.25,
8031811,Z093,09.12.25,
8031772,Z094,09.12.25,
8032003,Z095,09.12.25,
8032034,Z096,09.12.25,
8031774,Z097,09.12.25,
8032032,Z098,09.12.25,
8032012,Z099,09.12.25,
8032013,Z100,09.12.25,
8034060,Z101,09.12.25,
8034045,Z102,09.12.25,
8034044,Z103,09.12.25,
8034039,Z104,09.12.25,
8034043,Z105,09.12.25,
8034042,Z106,09.12.25,
8034040,Z107,09.12.25,
8034048,Z108,09.12.25,DBS punch of 8034048 was not in the tube. Replaced with sample 8023250.
8034052,Z109,09.12.25,
8034049,Z110,09.12.25,
8032335,Z111,09.12.25,
8032294,Z112,09.12.25,
8032319,Z113,09.12.25,
8032348,Z114,09.12.25,
8032265,Z115,09.12.25,
8032330,Z116,09.12.25,
8032277,Z117,09.12.25,
8032320,Z118,09.12.25,
8034006,Z119,09.12.25,
8034009,Z120,09.12.25,
8034000,Z121,09.12.25,
8034004,Z122,09.12.25,
8034007,Z123,09.12.25,
8034008,Z124,09.12.25,
8034003,Z125,09.12.25,
8032551,Z126,09.12.25,
8032526,Z127,09.12.25,
8032544,Z128,09.12.25,
8032550,Z129,09.12.25,
8032558,Z130,09.12.25,
8032527,Z131,09.12.25,
8032541,Z132,09.12.25,
8032573,Z133,09.12.25,
8032545,Z134,09.12.25,
5053641,Z135,09.12.25,
5053639,Z136,09.12.25,
8021934,Z137,10.12.25,
8021932,Z138,10.12.25,
8021912,Z139,10.12.25,
8023334,Z140,10.12.25,
8023349,Z141,10.12.25,
8023337,Z142,10.12.25,
8023345,Z143,10.12.25,
1012521,Z144,10.12.25,
8023348,Z145,10.12.25,
8022891,Z146,10.12.25,
8022865,Z147,10.12.25,
8010988,Z148,10.12.25,
8010711,Z149,10.12.25,
8010709,Z150,10.12.25,
8010700,Z151,10.12.25,
8010689,Z152,10.12.25,
8023300,Z153,10.12.25,
2033428,Z154,10.12.25,
1045448,Z155,10.12.25,
8023230,Z156,10.12.25,
1045447,Z157,10.12.25,
2033432,Z158,10.12.25,
2033430,Z159,10.12.25,
2033431,Z160,10.12.25,
1045454,Z161,10.12.25,
8013460,Z162,10.12.25,
8013480,Z163,10.12.25,
8013471,Z164,10.12.25,
8013425,Z165,10.12.25,
8013478,Z166,10.12.25,
8013449,Z167,10.12.25,
8013470,Z168,10.12.25,
8023994,Z169,10.12.25,
8013488,Z170,10.12.25,
8023285,Z171,10.12.25,
8023249,Z172,10.12.25,
8023305,Z173,10.12.25,
8023304,Z174,10.12.25,
8023313,Z175,10.12.25,
8023307,Z176,10.12.25,
8023302,Z177,10.12.25,
8019450,Z178,10.12.25,
8023245,Z179,10.12.25,
8023427,Z180,10.12.25,
8023420,Z181,10.12.25,
8023438,Z182,10.12.25,
8021951,Z183,11.12.25,
8023437,Z184,11.12.25,
8023432,Z185,11.12.25,
8021950,Z186,11.12.25,
8023436,Z187,11.12.25,
8023441,Z188,11.12.25,
8021940,Z189,11.12.25,
8021948,Z190,11.12.25,
8021946,Z191,11.12.25,
8023425,Z192,11.12.25,
8021941,Z193,11.12.25,
8023421,Z194,11.12.25,
8023439,Z195,11.12.25,
5053836,Z196,11.12.25,
8012434,Z197,11.12.25,
8012436,Z198,11.12.25,
8012469,Z199,11.12.25,
8012489,Z200,11.12.25,
8013943,Z201,11.12.25,
8013944,Z202,11.12.25,
8013950,Z203,11.12.25,
8013952,Z204,11.12.25,
8033123,Z205,11.12.25,
8033128,Z206,11.12.25,
8033127,Z207,11.12.25,
8033185,Z208,11.12.25,
8033146,Z209,11.12.25,
8033155,Z210,11.12.25,
8033172,Z211,11.12.25,
1045436,Z212,11.12.25,
1045439,Z213,11.12.25,
1045437,Z214,11.12.25,
1045438,Z215,11.12.25,
1045435,Z216,11.12.25,
1012416,Z217,11.12.25,
8023440,Z218,11.12.25,
1012421,Z219,11.12.25,
8023419,Z220,11.12.25,
1012450,Z221,11.12.25,
8023426,Z222,11.12.25,
8023322,Z223,11.12.25,
8023347,Z224,11.12.25,
8023321,Z225,11.12.25,
8023346,Z226,11.12.25,
1040820,Z227,11.12.25,
8023331,Z228,11.12.25,
1012423,Z229,11.12.25,
8034018,Z230,12.12.25,
8034013,Z231,12.12.25,
5053643,Z232,12.12.25,
5053705,Z233,12.12.25,
1046717,Z234,12.12.25,
5053700,Z235,12.12.25,maybe contaminated. DBS punch has fallen into the rack.
5053714,Z236,12.12.25,
5053692,Z237,12.12.25,
1046736,Z238,12.12.25,
1012543,Z239,12.12.25,
1012552,Z240,12.12.25,
1012559,Z241,12.12.25,
1012540,Z242,12.12.25,
1012449,Z243,12.12.25,
1012431,Z244,12.12.25,
1012447,Z245,12.12.25,
1012434,Z246,12.12.25,
8013459,Z247,12.12.25,
8023443,Z248,12.12.25,
1012438,Z249,12.12.25,
1012443,Z250,12.12.25,
1012444,Z251,12.12.25,
1012430,Z252,12.12.25,
1012427,Z253,12.12.25,
1046803,Z254,12.12.25,
1046798,Z255,12.12.25,
5053640,Z256,12.12.25,
1046791,Z257,12.12.25,
1046805,Z258,12.12.25,
1046802,Z259,12.12.25,
5053716,Z260,12.12.25,
5053727,Z261,12.12.25,
5053711,Z262,12.12.25,
5053713,Z263,12.12.25,
5053708,Z264,12.12.25,
5053699,Z265,12.12.25,
1045445,Z266,12.12.25,
5053732,Z267,12.12.25,
8023330,Z268,12.12.25,
1012433,Z269,12.12.25,
8023417,Z270,12.12.25,
1012418,Z271,12.12.25,
5053842,Z272,12.12.25,
1012538,Z273,12.12.25,
5053831,Z274,12.12.25,
1012413,Z275,12.12.25,
8019451,Z276,12.12.25,
8021025,Z277,12.12.25,
8021018,Z278,12.12.25,
8023974,Z279,12.12.25,
8021027,Z280,12.12.25,
1012412,Z281,12.12.25,
2030496,Z282,12.12.25,
1012544,Z283,12.12.25,
5053835,Z284,12.12.25,