expt_name,barcode,sample_id,sample_type,status,sample_id_no_leading_zeros,,study
2025-07-03_SLMM079_HRP22024_Batch13,barcode26,8019640,field,known,8019640,,tes2023 treatment failures
2025-07-03_SLMM079_HRP22024_Batch13,barcode27,8021624,field,known,8021624,,tes2023 treatment failures
2025-07-03_SLMM079_HRP22024_Batch13,barcode28,8020645,field,known,8020645,,tes2023 treatment failures
2025-07-03_SLMM079_HRP22024_Batch13,barcode29,8020727,field,known,8020727,,tes2023 treatment failures
2025-07-03_SLMM079_HRP22024_Batch13,barcode30,8020943,field,known,8020943,,tes2023 treatment failures
2025-07-03_SLMM079_HRP22024_Batch13,barcode31,8021628,field,known,8021628,,tes2023 treatment failures
2025-07-03_SLMM079_HRP22024_Batch13,barcode32,8019209,field,known,8019209,,tes2023 treatment failures
2025-07-03_SLMM079_HRP22024_Batch13,barcode33,8019265,field,known,8019265,,tes2023 treatment failures
2025-07-03_SLMM079_HRP22024_Batch13,barcode34,8019423,field,known,8019423,,tes2023 treatment failures
2025-07-03_SLMM079_HRP22024_Batch13,barcode35,3031684,field,known,3031684,,tes2023 treatment failures
2025-07-03_SLMM079_HRP22024_Batch13,barcode36,8019298,field,known,8019298,,tes2023 treatment failures
2025-07-03_SLMM079_HRP22024_Batch13,barcode37,8019366,field,known,8019366,,tes2023 treatment failures
2025-07-03_SLMM079_HRP22024_Batch13,barcode38,8018917,field,known,8018917,,tes2023 treatment failures
2025-07-03_SLMM079_HRP22024_Batch13,barcode39,8018869,field,known,8018869,,tes2023 treatment failures
2025-07-03_SLMM079_HRP22024_Batch13,barcode40,8021475,field,known,8021475,,tes2023 treatment failures
2025-07-03_SLMM079_HRP22024_Batch13,barcode41,8018864,field,known,8018864,,tes2023 treatment failures
2025-07-03_SLMM079_HRP22024_Batch13,barcode42,8021482,field,known,8021482,,tes2023 treatment failures
2025-07-03_SLMM079_HRP22024_Batch13,barcode43,8018863,field,known,8018863,,tes2023 treatment failures
2025-07-03_SLMM079_HRP22024_Batch13,barcode44,8021544,field,known,8021544,,tes2023 treatment failures
2025-07-03_SLMM079_HRP22024_Batch13,barcode45,8018865,field,known,8018865,,tes2023 treatment failures
2025-07-03_SLMM079_HRP22024_Batch13,barcode46,8021477,field,known,8021477,,tes2023 treatment failures
2025-07-03_SLMM079_HRP22024_Batch13,barcode47,8018862,field,known,8018862,,tes2023 treatment failures
2025-07-03_SLMM079_HRP22024_Batch13,barcode48,8018911,field,known,8018911,,tes2023 treatment failures
2025-07-03_SLMM079_HRP22024_Batch13,barcode49,8018868,field,known,8018868,,tes2023 treatment failures
2025-07-03_SLMM079_HRP22024_Batch13,barcode50,8021411,field,known,8021411,,tes2023 treatment failures
2025-07-03_SLMM079_HRP22024_Batch13,barcode51,8018873,field,known,8018873,,tes2023 treatment failures
2025-07-03_SLMM079_HRP22024_Batch13,barcode52,8018914,field,known,8018914,,tes2023 treatment failures
2025-07-03_SLMM079_HRP22024_Batch13,barcode53,8018872,field,known,8018872,,tes2023 treatment failures
2025-07-03_SLMM079_HRP22024_Batch13,barcode54,8018867,field,known,8018867,,tes2023 treatment failures
2025-07-03_SLMM079_HRP22024_Batch13,barcode55,1053913,field,known,1053913,,tes2023 treatment failures
2025-07-03_SLMM079_HRP22024_Batch13,barcode56,8018912,field,known,8018912,,tes2023 treatment failures
2025-07-03_SLMM079_HRP22024_Batch13,barcode57,8018866,field,known,8018866,,tes2023 treatment failures
2025-07-03_SLMM079_HRP22024_Batch13,barcode58,8019973,field,known,8019973,,tes2023 treatment failures
2025-07-03_SLMM079_HRP22024_Batch13,barcode59,1053912,field,known,1053912,,tes2023 treatment failures
2025-07-03_SLMM079_HRP22024_Batch13,barcode60,8019861,field,known,8019861,,tes2023 treatment failures
2025-07-03_SLMM079_HRP22024_Batch13,barcode61,1053914,field,known,1053914,,tes2023 treatment failures
2025-07-03_SLMM079_HRP22024_Batch13,barcode62,8018905,field,known,8018905,,tes2023 treatment failures
2025-07-03_SLMM079_HRP22024_Batch13,barcode63,2033419,field,known,2033419,,tes2023 treatment failures
2025-07-03_SLMM079_HRP22024_Batch13,barcode64,8021251,field,known,8021251,,tes2023 treatment failures
2025-07-03_SLMM079_HRP22024_Batch13,barcode65,8018871,field,known,8018871,,tes2023 treatment failures
2025-03-27_SLMM069_HRP2 2024_Batch2,barcode81,5872988,field,known,5872988,,ATSB
2025-03-27_SLMM069_HRP2 2024_Batch2,barcode82,5874303,field,known,5874303,,ATSB
2025-03-27_SLMM069_HRP2 2024_Batch2,barcode83,5872615,field,known,5872615,,ATSB
2025-03-27_SLMM069_HRP2 2024_Batch2,barcode84,5874366,field,known,5874366,,ATSB
2025-03-27_SLMM069_HRP2 2024_Batch2,barcode85,5874276,field,known,5874276,,ATSB
2025-03-27_SLMM069_HRP2 2024_Batch2,barcode86,5873039,field,known,5873039,,ATSB
2025-03-27_SLMM069_HRP2 2024_Batch2,barcode87,5873127,field,known,5873127,,ATSB
2025-03-27_SLMM069_HRP2 2024_Batch2,barcode88,5874340,field,known,5874340,,ATSB
2025-03-27_SLMM069_HRP2 2024_Batch2,barcode89,5874559,field,known,5874559,,ATSB
2025-03-27_SLMM069_HRP2 2024_Batch2,barcode90,5872848,field,known,5872848,,ATSB
2025-03-27_SLMM069_HRP2 2024_Batch2,barcode91,5873140,field,known,5873140,,ATSB
2025-03-27_SLMM069_HRP2 2024_Batch2,barcode92,5874004,field,known,5874004,,ATSB
2025-03-27_SLMM069_HRP2 2024_Batch2,barcode93,5874241,field,known,5874241,,ATSB
2025-03-27_SLMM069_HRP2 2024_Batch2,barcode94,5872196,field,known,5872196,,ATSB
2025-03-27_SLMM069_HRP2 2024_Batch2,barcode95,5874164,field,known,5874164,,ATSB
2025-03-27_SLMM069_HRP2 2024_Batch2,barcode96,5874231,field,known,5874231,,ATSB
2025-10-03_SLMM087_HRP2_2024_Batch19,barcode08,8020886,field,known,8020886,,tes2023 day zero
2025-10-03_SLMM087_HRP2_2024_Batch19,barcode09,8020887,field,known,8020887,,tes2023 day zero
2025-10-03_SLMM087_HRP2_2024_Batch19,barcode10,8020888,field,known,8020888,,tes2023 day zero
2025-10-03_SLMM087_HRP2_2024_Batch19,barcode11,8020889,field,known,8020889,,tes2023 day zero
2025-10-03_SLMM087_HRP2_2024_Batch19,barcode12,8020890,field,known,8020890,,tes2023 day zero
2025-10-03_SLMM087_HRP2_2024_Batch19,barcode13,8020891,field,known,8020891,,tes2023 day zero
2025-10-03_SLMM087_HRP2_2024_Batch19,barcode14,8020892,field,known,8020892,,tes2023 day zero
2025-10-03_SLMM087_HRP2_2024_Batch19,barcode15,8020893,field,known,8020893,,tes2023 day zero
2025-10-03_SLMM087_HRP2_2024_Batch19,barcode16,8020894,field,known,8020894,,tes2023 day zero
2025-10-03_SLMM087_HRP2_2024_Batch19,barcode17,8020895,field,known,8020895,,tes2023 day zero
2025-10-03_SLMM087_HRP2_2024_Batch19,barcode18,8020896,field,known,8020896,,tes2023 day zero
2025-10-03_SLMM087_HRP2_2024_Batch19,barcode19,8020897,field,known,8020897,,tes2023 day zero
2025-10-03_SLMM087_HRP2_2024_Batch19,barcode20,8020898,field,known,8020898,,tes2023 day zero
2025-10-03_SLMM087_HRP2_2024_Batch19,barcode21,8020899,field,known,8020899,,tes2023 day zero
2025-10-03_SLMM087_HRP2_2024_Batch19,barcode22,8020900,field,known,8020900,,tes2023 day zero
2025-10-03_SLMM087_HRP2_2024_Batch19,barcode23,8020901,field,known,8020901,,tes2023 day zero
2025-10-03_SLMM087_HRP2_2024_Batch19,barcode24,8020902,field,known,8020902,,tes2023 day zero
2025-10-03_SLMM087_HRP2_2024_Batch19,barcode25,8020903,field,known,8020903,,tes2023 day zero
2025-10-03_SLMM087_HRP2_2024_Batch19,barcode26,8020904,field,known,8020904,,tes2023 day zero
2025-10-03_SLMM087_HRP2_2024_Batch19,barcode27,8020910,field,known,8020910,,tes2023 day zero
2025-10-03_SLMM087_HRP2_2024_Batch19,barcode28,8020905,field,known,8020905,,tes2023 day zero
2025-10-03_SLMM087_HRP2_2024_Batch19,barcode29,8020906,field,known,8020906,,tes2023 day zero
2025-10-03_SLMM087_HRP2_2024_Batch19,barcode30,8020907,field,known,8020907,,tes2023 day zero
2025-10-03_SLMM087_HRP2_2024_Batch19,barcode31,8020909,field,known,8020909,,tes2023 day zero
2025-10-03_SLMM087_HRP2_2024_Batch19,barcode32,8020908,field,known,8020908,,tes2023 day zero
2025-04-03_SLMM071_HRP22024_Batch4,barcode28,blank1,field,known,blank1,,na
2025-04-03_SLMM071_HRP22024_Batch4,barcode29,blank,field,known,blank,,na
2025-09-17_SLMM086_HRP2_2024_Batch18,barcode64,blank,field,known,blank,,na