expt_id_PCR,expt_date_PCR,expt_user_PCR,expt_version_PCR,expt_assay,expt_notes_PCR,expt_summary_PCR,expt_rxns_PCR,pcr_primers,pcr_primersource,pcr_targetpanel,pcr_template_vol,pcr_enzyme,pcr_product_ngul,expt_id_seqlib,expt_date_seqlib,expt_user_seqlib,expt_sub-type,expt_version_seqlib,expt_notes_seqlib,expt_summary_seqlib,expt_rxns_seqlib,pcr_product_targetmass_per_sample_ng,pcr_product_maxvol_ul,library_dnaconc_ngul,seq_platform,flowcell_targetmass_ng,flowcell_massloaded_ng,flowcell_maxvol_ul,flowcell_id,flowcell_chemistry,flowcell_status,flowcell_checkpores,flowcell_runlength_hrs,flowcell_prevusage_hrs,seqlib_identifier,barcode,pcrproductadded_vol_ul,sample_id,extraction_id,pcr_identifier,swga_identifier,sample_type
PCBM052,2025-06-03,Brenda Mambwe,9,NOMADS_MVP,"To perform MVP PCR on 88 samples collected during the HRP2 survey is 2024 Sample Ids EE290-EE460,EE736-EE738",HRP2 2024_Batch11,96,N004,,Pf-03-9,8,KAPA HiFi ReadyMix,0,SLMM076,2025-06-12,Mulenga Mwenda,rapid,3,To sequence  90 samples from HRP2 study amplified on PCBM052,HRP2-32024_Batch8,96,200,10,167,Mk1b,800,800,11,,R10.4.1,New,1372,,0,SLMM076_A1,barcode01,10,3D7,3D7,PCBM052_A1,No sWGA,Positive
PCBM052,2025-06-03,Brenda Mambwe,9,NOMADS_MVP,"To perform MVP PCR on 88 samples collected during the HRP2 survey is 2024 Sample Ids EE290-EE460,EE736-EE738",HRP2 2024_Batch11,96,N004,,Pf-03-9,8,KAPA HiFi ReadyMix,0,SLMM076,2025-06-12,Mulenga Mwenda,rapid,3,To sequence  90 samples from HRP2 study amplified on PCBM052,HRP2-32024_Batch8,96,200,10,167,Mk1b,800,800,11,,R10.4.1,New,1372,,0,SLMM076_B1,barcode02,10,Dd2,Dd2,PCBM052_B1,No sWGA,Positive
PCBM052,2025-06-03,Brenda Mambwe,9,NOMADS_MVP,"To perform MVP PCR on 88 samples collected during the HRP2 survey is 2024 Sample Ids EE290-EE460,EE736-EE738",HRP2 2024_Batch11,96,N004,,Pf-03-9,8,KAPA HiFi ReadyMix,0,SLMM076,2025-06-12,Mulenga Mwenda,rapid,3,To sequence  90 samples from HRP2 study amplified on PCBM052,HRP2-32024_Batch8,96,200,10,167,Mk1b,800,800,11,,R10.4.1,New,1372,,0,SLMM076_C1,barcode03,10,HB3,HB3,PCBM052_C1,No sWGA,Positive
PCBM052,2025-06-03,Brenda Mambwe,9,NOMADS_MVP,"To perform MVP PCR on 88 samples collected during the HRP2 survey is 2024 Sample Ids EE290-EE460,EE736-EE738",HRP2 2024_Batch11,96,N004,,Pf-03-9,8,KAPA HiFi ReadyMix,0,SLMM076,2025-06-12,Mulenga Mwenda,rapid,3,To sequence  90 samples from HRP2 study amplified on PCBM052,HRP2-32024_Batch8,96,200,10,167,Mk1b,800,800,11,,R10.4.1,New,1372,,0,SLMM076_D1,barcode04,10,IPC3445,IPC3445,PCBM052_D1,No sWGA,Positive
PCBM052,2025-06-03,Brenda Mambwe,9,NOMADS_MVP,"To perform MVP PCR on 88 samples collected during the HRP2 survey is 2024 Sample Ids EE290-EE460,EE736-EE738",HRP2 2024_Batch11,96,N004,,Pf-03-9,8,KAPA HiFi ReadyMix,0,SLMM076,2025-06-12,Mulenga Mwenda,rapid,3,To sequence  90 samples from HRP2 study amplified on PCBM052,HRP2-32024_Batch8,96,200,10,167,Mk1b,800,800,11,,R10.4.1,New,1372,,0,SLMM076_E1,barcode05,10,IPC3663,IPC3663,PCBM052_E1,No sWGA,Positive
PCBM052,2025-06-03,Brenda Mambwe,9,NOMADS_MVP,"To perform MVP PCR on 88 samples collected during the HRP2 survey is 2024 Sample Ids EE290-EE460,EE736-EE738",HRP2 2024_Batch11,96,N004,,Pf-03-9,8,KAPA HiFi ReadyMix,0,SLMM076,2025-06-12,Mulenga Mwenda,rapid,3,To sequence  90 samples from HRP2 study amplified on PCBM052,HRP2-32024_Batch8,96,200,10,167,Mk1b,800,800,11,,R10.4.1,New,1372,,0,SLMM076_F1,barcode06,10,Human,Human,PCBM052_F1,No sWGA,Negative
PCBM052,2025-06-03,Brenda Mambwe,9,NOMADS_MVP,"To perform MVP PCR on 88 samples collected during the HRP2 survey is 2024 Sample Ids EE290-EE460,EE736-EE738",HRP2 2024_Batch11,96,N004,,Pf-03-9,8,KAPA HiFi ReadyMix,0,SLMM076,2025-06-12,Mulenga Mwenda,rapid,3,To sequence  90 samples from HRP2 study amplified on PCBM052,HRP2-32024_Batch8,96,200,10,167,Mk1b,800,800,11,,R10.4.1,New,1372,,0,SLMM076_G1,barcode07,10,NTC1,NTC1,PCBM052_G1,No sWGA,Negative
PCBM052,2025-06-03,Brenda Mambwe,9,NOMADS_MVP,"To perform MVP PCR on 88 samples collected during the HRP2 survey is 2024 Sample Ids EE290-EE460,EE736-EE738",HRP2 2024_Batch11,96,N004,,Pf-03-9,8,KAPA HiFi ReadyMix,0,SLMM076,2025-06-12,Mulenga Mwenda,rapid,3,To sequence  90 samples from HRP2 study amplified on PCBM052,HRP2-32024_Batch8,96,200,10,167,Mk1b,800,800,11,,R10.4.1,New,1372,,0,SLMM076_H1,barcode08,10,NTC,NTC,PCBM052_H1,No sWGA,Negative
PCBM052,2025-06-03,Brenda Mambwe,9,NOMADS_MVP,"To perform MVP PCR on 88 samples collected during the HRP2 survey is 2024 Sample Ids EE290-EE460,EE736-EE738",HRP2 2024_Batch11,96,N004,,Pf-03-9,8,KAPA HiFi ReadyMix,0,SLMM076,2025-06-12,Mulenga Mwenda,rapid,3,To sequence  90 samples from HRP2 study amplified on PCBM052,HRP2-32024_Batch8,96,200,10,167,Mk1b,800,800,11,,R10.4.1,New,1372,,0,SLMM076_A2,barcode09,10,8012743,EE290,PCBM052_A2,No sWGA,Field
PCBM052,2025-06-03,Brenda Mambwe,9,NOMADS_MVP,"To perform MVP PCR on 88 samples collected during the HRP2 survey is 2024 Sample Ids EE290-EE460,EE736-EE738",HRP2 2024_Batch11,96,N004,,Pf-03-9,8,KAPA HiFi ReadyMix,0,SLMM076,2025-06-12,Mulenga Mwenda,rapid,3,To sequence  90 samples from HRP2 study amplified on PCBM052,HRP2-32024_Batch8,96,200,10,167,Mk1b,800,800,11,,R10.4.1,New,1372,,0,SLMM076_B2,barcode10,10,8012744,EE291,PCBM052_B2,No sWGA,Field
PCBM052,2025-06-03,Brenda Mambwe,9,NOMADS_MVP,"To perform MVP PCR on 88 samples collected during the HRP2 survey is 2024 Sample Ids EE290-EE460,EE736-EE738",HRP2 2024_Batch11,96,N004,,Pf-03-9,8,KAPA HiFi ReadyMix,0,SLMM076,2025-06-12,Mulenga Mwenda,rapid,3,To sequence  90 samples from HRP2 study amplified on PCBM052,HRP2-32024_Batch8,96,200,10,167,Mk1b,800,800,11,,R10.4.1,New,1372,,0,SLMM076_C2,barcode11,10,8012745,EE292,PCBM052_C2,No sWGA,Field
PCBM052,2025-06-03,Brenda Mambwe,9,NOMADS_MVP,"To perform MVP PCR on 88 samples collected during the HRP2 survey is 2024 Sample Ids EE290-EE460,EE736-EE738",HRP2 2024_Batch11,96,N004,,Pf-03-9,8,KAPA HiFi ReadyMix,0,SLMM076,2025-06-12,Mulenga Mwenda,rapid,3,To sequence  90 samples from HRP2 study amplified on PCBM052,HRP2-32024_Batch8,96,200,10,167,Mk1b,800,800,11,,R10.4.1,New,1372,,0,SLMM076_D2,barcode12,10,8012746,EE293,PCBM052_D2,No sWGA,Field
PCBM052,2025-06-03,Brenda Mambwe,9,NOMADS_MVP,"To perform MVP PCR on 88 samples collected during the HRP2 survey is 2024 Sample Ids EE290-EE460,EE736-EE738",HRP2 2024_Batch11,96,N004,,Pf-03-9,8,KAPA HiFi ReadyMix,0,SLMM076,2025-06-12,Mulenga Mwenda,rapid,3,To sequence  90 samples from HRP2 study amplified on PCBM052,HRP2-32024_Batch8,96,200,10,167,Mk1b,800,800,11,,R10.4.1,New,1372,,0,SLMM076_E2,barcode13,10,8012748,EE295,PCBM052_E2,No sWGA,Field
PCBM052,2025-06-03,Brenda Mambwe,9,NOMADS_MVP,"To perform MVP PCR on 88 samples collected during the HRP2 survey is 2024 Sample Ids EE290-EE460,EE736-EE738",HRP2 2024_Batch11,96,N004,,Pf-03-9,8,KAPA HiFi ReadyMix,0,SLMM076,2025-06-12,Mulenga Mwenda,rapid,3,To sequence  90 samples from HRP2 study amplified on PCBM052,HRP2-32024_Batch8,96,200,10,167,Mk1b,800,800,11,,R10.4.1,New,1372,,0,SLMM076_F2,barcode14,10,8012749,EE296,PCBM052_F2,No sWGA,Field
PCBM052,2025-06-03,Brenda Mambwe,9,NOMADS_MVP,"To perform MVP PCR on 88 samples collected during the HRP2 survey is 2024 Sample Ids EE290-EE460,EE736-EE738",HRP2 2024_Batch11,96,N004,,Pf-03-9,8,KAPA HiFi ReadyMix,0,SLMM076,2025-06-12,Mulenga Mwenda,rapid,3,To sequence  90 samples from HRP2 study amplified on PCBM052,HRP2-32024_Batch8,96,200,10,167,Mk1b,800,800,11,,R10.4.1,New,1372,,0,SLMM076_G2,barcode15,10,8012912,EE299,PCBM052_G2,No sWGA,Field
PCBM052,2025-06-03,Brenda Mambwe,9,NOMADS_MVP,"To perform MVP PCR on 88 samples collected during the HRP2 survey is 2024 Sample Ids EE290-EE460,EE736-EE738",HRP2 2024_Batch11,96,N004,,Pf-03-9,8,KAPA HiFi ReadyMix,0,SLMM076,2025-06-12,Mulenga Mwenda,rapid,3,To sequence  90 samples from HRP2 study amplified on PCBM052,HRP2-32024_Batch8,96,200,10,167,Mk1b,800,800,11,,R10.4.1,New,1372,,0,SLMM076_H2,barcode16,10,8012915,EE302,PCBM052_H2,No sWGA,Field
PCBM052,2025-06-03,Brenda Mambwe,9,NOMADS_MVP,"To perform MVP PCR on 88 samples collected during the HRP2 survey is 2024 Sample Ids EE290-EE460,EE736-EE738",HRP2 2024_Batch11,96,N004,,Pf-03-9,8,KAPA HiFi ReadyMix,0,SLMM076,2025-06-12,Mulenga Mwenda,rapid,3,To sequence  90 samples from HRP2 study amplified on PCBM052,HRP2-32024_Batch8,96,200,10,167,Mk1b,800,800,11,,R10.4.1,New,1372,,0,SLMM076_A3,barcode17,10,8012916,EE303,PCBM052_A3,No sWGA,Field
PCBM052,2025-06-03,Brenda Mambwe,9,NOMADS_MVP,"To perform MVP PCR on 88 samples collected during the HRP2 survey is 2024 Sample Ids EE290-EE460,EE736-EE738",HRP2 2024_Batch11,96,N004,,Pf-03-9,8,KAPA HiFi ReadyMix,0,SLMM076,2025-06-12,Mulenga Mwenda,rapid,3,To sequence  90 samples from HRP2 study amplified on PCBM052,HRP2-32024_Batch8,96,200,10,167,Mk1b,800,800,11,,R10.4.1,New,1372,,0,SLMM076_B3,barcode18,10,8012917,EE304,PCBM052_B3,No sWGA,Field
PCBM052,2025-06-03,Brenda Mambwe,9,NOMADS_MVP,"To perform MVP PCR on 88 samples collected during the HRP2 survey is 2024 Sample Ids EE290-EE460,EE736-EE738",HRP2 2024_Batch11,96,N004,,Pf-03-9,8,KAPA HiFi ReadyMix,0,SLMM076,2025-06-12,Mulenga Mwenda,rapid,3,To sequence  90 samples from HRP2 study amplified on PCBM052,HRP2-32024_Batch8,96,200,10,167,Mk1b,800,800,11,,R10.4.1,New,1372,,0,SLMM076_C3,barcode19,10,8012919,EE306,PCBM052_C3,No sWGA,Field
PCBM052,2025-06-03,Brenda Mambwe,9,NOMADS_MVP,"To perform MVP PCR on 88 samples collected during the HRP2 survey is 2024 Sample Ids EE290-EE460,EE736-EE738",HRP2 2024_Batch11,96,N004,,Pf-03-9,8,KAPA HiFi ReadyMix,0,SLMM076,2025-06-12,Mulenga Mwenda,rapid,3,To sequence  90 samples from HRP2 study amplified on PCBM052,HRP2-32024_Batch8,96,200,10,167,Mk1b,800,800,11,,R10.4.1,New,1372,,0,SLMM076_D3,barcode20,10,8012921,EE308,PCBM052_D3,No sWGA,Field
PCBM052,2025-06-03,Brenda Mambwe,9,NOMADS_MVP,"To perform MVP PCR on 88 samples collected during the HRP2 survey is 2024 Sample Ids EE290-EE460,EE736-EE738",HRP2 2024_Batch11,96,N004,,Pf-03-9,8,KAPA HiFi ReadyMix,0,SLMM076,2025-06-12,Mulenga Mwenda,rapid,3,To sequence  90 samples from HRP2 study amplified on PCBM052,HRP2-32024_Batch8,96,200,10,167,Mk1b,800,800,11,,R10.4.1,New,1372,,0,SLMM076_E3,barcode21,10,8012922,EE309,PCBM052_E3,No sWGA,Field
PCBM052,2025-06-03,Brenda Mambwe,9,NOMADS_MVP,"To perform MVP PCR on 88 samples collected during the HRP2 survey is 2024 Sample Ids EE290-EE460,EE736-EE738",HRP2 2024_Batch11,96,N004,,Pf-03-9,8,KAPA HiFi ReadyMix,0,SLMM076,2025-06-12,Mulenga Mwenda,rapid,3,To sequence  90 samples from HRP2 study amplified on PCBM052,HRP2-32024_Batch8,96,200,10,167,Mk1b,800,800,11,,R10.4.1,New,1372,,0,SLMM076_F3,barcode22,10,8012923,EE310,PCBM052_F3,No sWGA,Field
PCBM052,2025-06-03,Brenda Mambwe,9,NOMADS_MVP,"To perform MVP PCR on 88 samples collected during the HRP2 survey is 2024 Sample Ids EE290-EE460,EE736-EE738",HRP2 2024_Batch11,96,N004,,Pf-03-9,8,KAPA HiFi ReadyMix,0,SLMM076,2025-06-12,Mulenga Mwenda,rapid,3,To sequence  90 samples from HRP2 study amplified on PCBM052,HRP2-32024_Batch8,96,200,10,167,Mk1b,800,800,11,,R10.4.1,New,1372,,0,SLMM076_G3,barcode23,10,8012929,EE316,PCBM052_G3,No sWGA,Field
PCBM052,2025-06-03,Brenda Mambwe,9,NOMADS_MVP,"To perform MVP PCR on 88 samples collected during the HRP2 survey is 2024 Sample Ids EE290-EE460,EE736-EE738",HRP2 2024_Batch11,96,N004,,Pf-03-9,8,KAPA HiFi ReadyMix,0,SLMM076,2025-06-12,Mulenga Mwenda,rapid,3,To sequence  90 samples from HRP2 study amplified on PCBM052,HRP2-32024_Batch8,96,200,10,167,Mk1b,800,800,11,,R10.4.1,New,1372,,0,SLMM076_H3,barcode24,10,8012930,EE317,PCBM052_H3,No sWGA,Field
PCBM052,2025-06-03,Brenda Mambwe,9,NOMADS_MVP,"To perform MVP PCR on 88 samples collected during the HRP2 survey is 2024 Sample Ids EE290-EE460,EE736-EE738",HRP2 2024_Batch11,96,N004,,Pf-03-9,8,KAPA HiFi ReadyMix,0,SLMM076,2025-06-12,Mulenga Mwenda,rapid,3,To sequence  90 samples from HRP2 study amplified on PCBM052,HRP2-32024_Batch8,96,200,10,167,Mk1b,800,800,11,,R10.4.1,New,1372,,0,SLMM076_A4,barcode25,10,8012931,EE318,PCBM052_A4,No sWGA,Field
PCBM052,2025-06-03,Brenda Mambwe,9,NOMADS_MVP,"To perform MVP PCR on 88 samples collected during the HRP2 survey is 2024 Sample Ids EE290-EE460,EE736-EE738",HRP2 2024_Batch11,96,N004,,Pf-03-9,8,KAPA HiFi ReadyMix,0,SLMM076,2025-06-12,Mulenga Mwenda,rapid,3,To sequence  90 samples from HRP2 study amplified on PCBM052,HRP2-32024_Batch8,96,200,10,167,Mk1b,800,800,11,,R10.4.1,New,1372,,0,SLMM076_B4,barcode26,10,8012932,EE319,PCBM052_B4,No sWGA,Field
PCBM052,2025-06-03,Brenda Mambwe,9,NOMADS_MVP,"To perform MVP PCR on 88 samples collected during the HRP2 survey is 2024 Sample Ids EE290-EE460,EE736-EE738",HRP2 2024_Batch11,96,N004,,Pf-03-9,8,KAPA HiFi ReadyMix,0,SLMM076,2025-06-12,Mulenga Mwenda,rapid,3,To sequence  90 samples from HRP2 study amplified on PCBM052,HRP2-32024_Batch8,96,200,10,167,Mk1b,800,800,11,,R10.4.1,New,1372,,0,SLMM076_C4,barcode27,10,8012935,EE322,PCBM052_C4,No sWGA,Field
PCBM052,2025-06-03,Brenda Mambwe,9,NOMADS_MVP,"To perform MVP PCR on 88 samples collected during the HRP2 survey is 2024 Sample Ids EE290-EE460,EE736-EE738",HRP2 2024_Batch11,96,N004,,Pf-03-9,8,KAPA HiFi ReadyMix,0,SLMM076,2025-06-12,Mulenga Mwenda,rapid,3,To sequence  90 samples from HRP2 study amplified on PCBM052,HRP2-32024_Batch8,96,200,10,167,Mk1b,800,800,11,,R10.4.1,New,1372,,0,SLMM076_D4,barcode28,10,8013577,EE323,PCBM052_D4,No sWGA,Field
PCBM052,2025-06-03,Brenda Mambwe,9,NOMADS_MVP,"To perform MVP PCR on 88 samples collected during the HRP2 survey is 2024 Sample Ids EE290-EE460,EE736-EE738",HRP2 2024_Batch11,96,N004,,Pf-03-9,8,KAPA HiFi ReadyMix,0,SLMM076,2025-06-12,Mulenga Mwenda,rapid,3,To sequence  90 samples from HRP2 study amplified on PCBM052,HRP2-32024_Batch8,96,200,10,167,Mk1b,800,800,11,,R10.4.1,New,1372,,0,SLMM076_E4,barcode29,10,8013578,EE324,PCBM052_E4,No sWGA,Field
PCBM052,2025-06-03,Brenda Mambwe,9,NOMADS_MVP,"To perform MVP PCR on 88 samples collected during the HRP2 survey is 2024 Sample Ids EE290-EE460,EE736-EE738",HRP2 2024_Batch11,96,N004,,Pf-03-9,8,KAPA HiFi ReadyMix,0,SLMM076,2025-06-12,Mulenga Mwenda,rapid,3,To sequence  90 samples from HRP2 study amplified on PCBM052,HRP2-32024_Batch8,96,200,10,167,Mk1b,800,800,11,,R10.4.1,New,1372,,0,SLMM076_F4,barcode30,10,8013579,EE325,PCBM052_F4,No sWGA,Field
PCBM052,2025-06-03,Brenda Mambwe,9,NOMADS_MVP,"To perform MVP PCR on 88 samples collected during the HRP2 survey is 2024 Sample Ids EE290-EE460,EE736-EE738",HRP2 2024_Batch11,96,N004,,Pf-03-9,8,KAPA HiFi ReadyMix,0,SLMM076,2025-06-12,Mulenga Mwenda,rapid,3,To sequence  90 samples from HRP2 study amplified on PCBM052,HRP2-32024_Batch8,96,200,10,167,Mk1b,800,800,11,,R10.4.1,New,1372,,0,SLMM076_G4,barcode31,10,8013580,EE326,PCBM052_G4,No sWGA,Field
PCBM052,2025-06-03,Brenda Mambwe,9,NOMADS_MVP,"To perform MVP PCR on 88 samples collected during the HRP2 survey is 2024 Sample Ids EE290-EE460,EE736-EE738",HRP2 2024_Batch11,96,N004,,Pf-03-9,8,KAPA HiFi ReadyMix,0,SLMM076,2025-06-12,Mulenga Mwenda,rapid,3,To sequence  90 samples from HRP2 study amplified on PCBM052,HRP2-32024_Batch8,96,200,10,167,Mk1b,800,800,11,,R10.4.1,New,1372,,0,SLMM076_H4,barcode32,10,8013585,EE331,PCBM052_H4,No sWGA,Field
PCBM052,2025-06-03,Brenda Mambwe,9,NOMADS_MVP,"To perform MVP PCR on 88 samples collected during the HRP2 survey is 2024 Sample Ids EE290-EE460,EE736-EE738",HRP2 2024_Batch11,96,N004,,Pf-03-9,8,KAPA HiFi ReadyMix,0,SLMM076,2025-06-12,Mulenga Mwenda,rapid,3,To sequence  90 samples from HRP2 study amplified on PCBM052,HRP2-32024_Batch8,96,200,10,167,Mk1b,800,800,11,,R10.4.1,New,1372,,0,SLMM076_A5,barcode33,10,8013589,EE335,PCBM052_A5,No sWGA,Field
PCBM052,2025-06-03,Brenda Mambwe,9,NOMADS_MVP,"To perform MVP PCR on 88 samples collected during the HRP2 survey is 2024 Sample Ids EE290-EE460,EE736-EE738",HRP2 2024_Batch11,96,N004,,Pf-03-9,8,KAPA HiFi ReadyMix,0,SLMM076,2025-06-12,Mulenga Mwenda,rapid,3,To sequence  90 samples from HRP2 study amplified on PCBM052,HRP2-32024_Batch8,96,200,10,167,Mk1b,800,800,11,,R10.4.1,New,1372,,0,SLMM076_B5,barcode34,10,8013590,EE336,PCBM052_B5,No sWGA,Field
PCBM052,2025-06-03,Brenda Mambwe,9,NOMADS_MVP,"To perform MVP PCR on 88 samples collected during the HRP2 survey is 2024 Sample Ids EE290-EE460,EE736-EE738",HRP2 2024_Batch11,96,N004,,Pf-03-9,8,KAPA HiFi ReadyMix,0,SLMM076,2025-06-12,Mulenga Mwenda,rapid,3,To sequence  90 samples from HRP2 study amplified on PCBM052,HRP2-32024_Batch8,96,200,10,167,Mk1b,800,800,11,,R10.4.1,New,1372,,0,SLMM076_C5,barcode35,10,8013597,EE343,PCBM052_C5,No sWGA,Field
PCBM052,2025-06-03,Brenda Mambwe,9,NOMADS_MVP,"To perform MVP PCR on 88 samples collected during the HRP2 survey is 2024 Sample Ids EE290-EE460,EE736-EE738",HRP2 2024_Batch11,96,N004,,Pf-03-9,8,KAPA HiFi ReadyMix,0,SLMM076,2025-06-12,Mulenga Mwenda,rapid,3,To sequence  90 samples from HRP2 study amplified on PCBM052,HRP2-32024_Batch8,96,200,10,167,Mk1b,800,800,11,,R10.4.1,New,1372,,0,SLMM076_D5,barcode36,10,8013598,EE344,PCBM052_D5,No sWGA,Field
PCBM052,2025-06-03,Brenda Mambwe,9,NOMADS_MVP,"To perform MVP PCR on 88 samples collected during the HRP2 survey is 2024 Sample Ids EE290-EE460,EE736-EE738",HRP2 2024_Batch11,96,N004,,Pf-03-9,8,KAPA HiFi ReadyMix,0,SLMM076,2025-06-12,Mulenga Mwenda,rapid,3,To sequence  90 samples from HRP2 study amplified on PCBM052,HRP2-32024_Batch8,96,200,10,167,Mk1b,800,800,11,,R10.4.1,New,1372,,0,SLMM076_E5,barcode37,10,8013601,EE347,PCBM052_E5,No sWGA,Field
PCBM052,2025-06-03,Brenda Mambwe,9,NOMADS_MVP,"To perform MVP PCR on 88 samples collected during the HRP2 survey is 2024 Sample Ids EE290-EE460,EE736-EE738",HRP2 2024_Batch11,96,N004,,Pf-03-9,8,KAPA HiFi ReadyMix,0,SLMM076,2025-06-12,Mulenga Mwenda,rapid,3,To sequence  90 samples from HRP2 study amplified on PCBM052,HRP2-32024_Batch8,96,200,10,167,Mk1b,800,800,11,,R10.4.1,New,1372,,0,SLMM076_F5,barcode38,10,8013602,EE348,PCBM052_F5,No sWGA,Field
PCBM052,2025-06-03,Brenda Mambwe,9,NOMADS_MVP,"To perform MVP PCR on 88 samples collected during the HRP2 survey is 2024 Sample Ids EE290-EE460,EE736-EE738",HRP2 2024_Batch11,96,N004,,Pf-03-9,8,KAPA HiFi ReadyMix,0,SLMM076,2025-06-12,Mulenga Mwenda,rapid,3,To sequence  90 samples from HRP2 study amplified on PCBM052,HRP2-32024_Batch8,96,200,10,167,Mk1b,800,800,11,,R10.4.1,New,1372,,0,SLMM076_G5,barcode39,10,8013604,EE350,PCBM052_G5,No sWGA,Field
PCBM052,2025-06-03,Brenda Mambwe,9,NOMADS_MVP,"To perform MVP PCR on 88 samples collected during the HRP2 survey is 2024 Sample Ids EE290-EE460,EE736-EE738",HRP2 2024_Batch11,96,N004,,Pf-03-9,8,KAPA HiFi ReadyMix,0,SLMM076,2025-06-12,Mulenga Mwenda,rapid,3,To sequence  90 samples from HRP2 study amplified on PCBM052,HRP2-32024_Batch8,96,200,10,167,Mk1b,800,800,11,,R10.4.1,New,1372,,0,SLMM076_H5,barcode40,10,8013606,EE352,PCBM052_H5,No sWGA,Field
PCBM052,2025-06-03,Brenda Mambwe,9,NOMADS_MVP,"To perform MVP PCR on 88 samples collected during the HRP2 survey is 2024 Sample Ids EE290-EE460,EE736-EE738",HRP2 2024_Batch11,96,N004,,Pf-03-9,8,KAPA HiFi ReadyMix,0,SLMM076,2025-06-12,Mulenga Mwenda,rapid,3,To sequence  90 samples from HRP2 study amplified on PCBM052,HRP2-32024_Batch8,96,200,10,167,Mk1b,800,800,11,,R10.4.1,New,1372,,0,SLMM076_A6,barcode41,10,8013608,EE354,PCBM052_A6,No sWGA,Field
PCBM052,2025-06-03,Brenda Mambwe,9,NOMADS_MVP,"To perform MVP PCR on 88 samples collected during the HRP2 survey is 2024 Sample Ids EE290-EE460,EE736-EE738",HRP2 2024_Batch11,96,N004,,Pf-03-9,8,KAPA HiFi ReadyMix,0,SLMM076,2025-06-12,Mulenga Mwenda,rapid,3,To sequence  90 samples from HRP2 study amplified on PCBM052,HRP2-32024_Batch8,96,200,10,167,Mk1b,800,800,11,,R10.4.1,New,1372,,0,SLMM076_B6,barcode42,10,8013609,EE355,PCBM052_B6,No sWGA,Field
PCBM052,2025-06-03,Brenda Mambwe,9,NOMADS_MVP,"To perform MVP PCR on 88 samples collected during the HRP2 survey is 2024 Sample Ids EE290-EE460,EE736-EE738",HRP2 2024_Batch11,96,N004,,Pf-03-9,8,KAPA HiFi ReadyMix,0,SLMM076,2025-06-12,Mulenga Mwenda,rapid,3,To sequence  90 samples from HRP2 study amplified on PCBM052,HRP2-32024_Batch8,96,200,10,167,Mk1b,800,800,11,,R10.4.1,New,1372,,0,SLMM076_C6,barcode43,10,8013611,EE357,PCBM052_C6,No sWGA,Field
PCBM052,2025-06-03,Brenda Mambwe,9,NOMADS_MVP,"To perform MVP PCR on 88 samples collected during the HRP2 survey is 2024 Sample Ids EE290-EE460,EE736-EE738",HRP2 2024_Batch11,96,N004,,Pf-03-9,8,KAPA HiFi ReadyMix,0,SLMM076,2025-06-12,Mulenga Mwenda,rapid,3,To sequence  90 samples from HRP2 study amplified on PCBM052,HRP2-32024_Batch8,96,200,10,167,Mk1b,800,800,11,,R10.4.1,New,1372,,0,SLMM076_D6,barcode44,10,8013612,EE358,PCBM052_D6,No sWGA,Field
PCBM052,2025-06-03,Brenda Mambwe,9,NOMADS_MVP,"To perform MVP PCR on 88 samples collected during the HRP2 survey is 2024 Sample Ids EE290-EE460,EE736-EE738",HRP2 2024_Batch11,96,N004,,Pf-03-9,8,KAPA HiFi ReadyMix,0,SLMM076,2025-06-12,Mulenga Mwenda,rapid,3,To sequence  90 samples from HRP2 study amplified on PCBM052,HRP2-32024_Batch8,96,200,10,167,Mk1b,800,800,11,,R10.4.1,New,1372,,0,SLMM076_E6,barcode45,10,8013613,EE359,PCBM052_E6,No sWGA,Field
PCBM052,2025-06-03,Brenda Mambwe,9,NOMADS_MVP,"To perform MVP PCR on 88 samples collected during the HRP2 survey is 2024 Sample Ids EE290-EE460,EE736-EE738",HRP2 2024_Batch11,96,N004,,Pf-03-9,8,KAPA HiFi ReadyMix,0,SLMM076,2025-06-12,Mulenga Mwenda,rapid,3,To sequence  90 samples from HRP2 study amplified on PCBM052,HRP2-32024_Batch8,96,200,10,167,Mk1b,800,800,11,,R10.4.1,New,1372,,0,SLMM076_F6,barcode46,10,8013614,EE360,PCBM052_F6,No sWGA,Field
PCBM052,2025-06-03,Brenda Mambwe,9,NOMADS_MVP,"To perform MVP PCR on 88 samples collected during the HRP2 survey is 2024 Sample Ids EE290-EE460,EE736-EE738",HRP2 2024_Batch11,96,N004,,Pf-03-9,8,KAPA HiFi ReadyMix,0,SLMM076,2025-06-12,Mulenga Mwenda,rapid,3,To sequence  90 samples from HRP2 study amplified on PCBM052,HRP2-32024_Batch8,96,200,10,167,Mk1b,800,800,11,,R10.4.1,New,1372,,0,SLMM076_G6,barcode47,10,8013616,EE362,PCBM052_G6,No sWGA,Field
PCBM052,2025-06-03,Brenda Mambwe,9,NOMADS_MVP,"To perform MVP PCR on 88 samples collected during the HRP2 survey is 2024 Sample Ids EE290-EE460,EE736-EE738",HRP2 2024_Batch11,96,N004,,Pf-03-9,8,KAPA HiFi ReadyMix,0,SLMM076,2025-06-12,Mulenga Mwenda,rapid,3,To sequence  90 samples from HRP2 study amplified on PCBM052,HRP2-32024_Batch8,96,200,10,167,Mk1b,800,800,11,,R10.4.1,New,1372,,0,SLMM076_H6,barcode48,10,8013620,EE366,PCBM052_H6,No sWGA,Field
PCBM052,2025-06-03,Brenda Mambwe,9,NOMADS_MVP,"To perform MVP PCR on 88 samples collected during the HRP2 survey is 2024 Sample Ids EE290-EE460,EE736-EE738",HRP2 2024_Batch11,96,N004,,Pf-03-9,8,KAPA HiFi ReadyMix,0,SLMM076,2025-06-12,Mulenga Mwenda,rapid,3,To sequence  90 samples from HRP2 study amplified on PCBM052,HRP2-32024_Batch8,96,200,10,167,Mk1b,800,800,11,,R10.4.1,New,1372,,0,SLMM076_A7,barcode49,10,8013623,EE369,PCBM052_A7,No sWGA,Field
PCBM052,2025-06-03,Brenda Mambwe,9,NOMADS_MVP,"To perform MVP PCR on 88 samples collected during the HRP2 survey is 2024 Sample Ids EE290-EE460,EE736-EE738",HRP2 2024_Batch11,96,N004,,Pf-03-9,8,KAPA HiFi ReadyMix,0,SLMM076,2025-06-12,Mulenga Mwenda,rapid,3,To sequence  90 samples from HRP2 study amplified on PCBM052,HRP2-32024_Batch8,96,200,10,167,Mk1b,800,800,11,,R10.4.1,New,1372,,0,SLMM076_B7,barcode50,10,8013624,EE370,PCBM052_B7,No sWGA,Field
PCBM052,2025-06-03,Brenda Mambwe,9,NOMADS_MVP,"To perform MVP PCR on 88 samples collected during the HRP2 survey is 2024 Sample Ids EE290-EE460,EE736-EE738",HRP2 2024_Batch11,96,N004,,Pf-03-9,8,KAPA HiFi ReadyMix,0,SLMM076,2025-06-12,Mulenga Mwenda,rapid,3,To sequence  90 samples from HRP2 study amplified on PCBM052,HRP2-32024_Batch8,96,200,10,167,Mk1b,800,800,11,,R10.4.1,New,1372,,0,SLMM076_C7,barcode51,10,8013625,EE371,PCBM052_C7,No sWGA,Field
PCBM052,2025-06-03,Brenda Mambwe,9,NOMADS_MVP,"To perform MVP PCR on 88 samples collected during the HRP2 survey is 2024 Sample Ids EE290-EE460,EE736-EE738",HRP2 2024_Batch11,96,N004,,Pf-03-9,8,KAPA HiFi ReadyMix,0,SLMM076,2025-06-12,Mulenga Mwenda,rapid,3,To sequence  90 samples from HRP2 study amplified on PCBM052,HRP2-32024_Batch8,96,200,10,167,Mk1b,800,800,11,,R10.4.1,New,1372,,0,SLMM076_D7,barcode52,10,8013629,EE375,PCBM052_D7,No sWGA,Field
PCBM052,2025-06-03,Brenda Mambwe,9,NOMADS_MVP,"To perform MVP PCR on 88 samples collected during the HRP2 survey is 2024 Sample Ids EE290-EE460,EE736-EE738",HRP2 2024_Batch11,96,N004,,Pf-03-9,8,KAPA HiFi ReadyMix,0,SLMM076,2025-06-12,Mulenga Mwenda,rapid,3,To sequence  90 samples from HRP2 study amplified on PCBM052,HRP2-32024_Batch8,96,200,10,167,Mk1b,800,800,11,,R10.4.1,New,1372,,0,SLMM076_E7,barcode53,10,8013630,EE376,PCBM052_E7,No sWGA,Field
PCBM052,2025-06-03,Brenda Mambwe,9,NOMADS_MVP,"To perform MVP PCR on 88 samples collected during the HRP2 survey is 2024 Sample Ids EE290-EE460,EE736-EE738",HRP2 2024_Batch11,96,N004,,Pf-03-9,8,KAPA HiFi ReadyMix,0,SLMM076,2025-06-12,Mulenga Mwenda,rapid,3,To sequence  90 samples from HRP2 study amplified on PCBM052,HRP2-32024_Batch8,96,200,10,167,Mk1b,800,800,11,,R10.4.1,New,1372,,0,SLMM076_F7,barcode54,10,8013632,EE378,PCBM052_F7,No sWGA,Field
PCBM052,2025-06-03,Brenda Mambwe,9,NOMADS_MVP,"To perform MVP PCR on 88 samples collected during the HRP2 survey is 2024 Sample Ids EE290-EE460,EE736-EE738",HRP2 2024_Batch11,96,N004,,Pf-03-9,8,KAPA HiFi ReadyMix,0,SLMM076,2025-06-12,Mulenga Mwenda,rapid,3,To sequence  90 samples from HRP2 study amplified on PCBM052,HRP2-32024_Batch8,96,200,10,167,Mk1b,800,800,11,,R10.4.1,New,1372,,0,SLMM076_G7,barcode55,10,8013633,EE379,PCBM052_G7,No sWGA,Field
PCBM052,2025-06-03,Brenda Mambwe,9,NOMADS_MVP,"To perform MVP PCR on 88 samples collected during the HRP2 survey is 2024 Sample Ids EE290-EE460,EE736-EE738",HRP2 2024_Batch11,96,N004,,Pf-03-9,8,KAPA HiFi ReadyMix,0,SLMM076,2025-06-12,Mulenga Mwenda,rapid,3,To sequence  90 samples from HRP2 study amplified on PCBM052,HRP2-32024_Batch8,96,200,10,167,Mk1b,800,800,11,,R10.4.1,New,1372,,0,SLMM076_H7,barcode56,10,8013635,EE381,PCBM052_H7,No sWGA,Field
PCBM052,2025-06-03,Brenda Mambwe,9,NOMADS_MVP,"To perform MVP PCR on 88 samples collected during the HRP2 survey is 2024 Sample Ids EE290-EE460,EE736-EE738",HRP2 2024_Batch11,96,N004,,Pf-03-9,8,KAPA HiFi ReadyMix,0,SLMM076,2025-06-12,Mulenga Mwenda,rapid,3,To sequence  90 samples from HRP2 study amplified on PCBM052,HRP2-32024_Batch8,96,200,10,167,Mk1b,800,800,11,,R10.4.1,New,1372,,0,SLMM076_A8,barcode57,10,8013638,EE384,PCBM052_A8,No sWGA,Field
PCBM052,2025-06-03,Brenda Mambwe,9,NOMADS_MVP,"To perform MVP PCR on 88 samples collected during the HRP2 survey is 2024 Sample Ids EE290-EE460,EE736-EE738",HRP2 2024_Batch11,96,N004,,Pf-03-9,8,KAPA HiFi ReadyMix,0,SLMM076,2025-06-12,Mulenga Mwenda,rapid,3,To sequence  90 samples from HRP2 study amplified on PCBM052,HRP2-32024_Batch8,96,200,10,167,Mk1b,800,800,11,,R10.4.1,New,1372,,0,SLMM076_B8,barcode58,10,8013643,EE389,PCBM052_B8,No sWGA,Field
PCBM052,2025-06-03,Brenda Mambwe,9,NOMADS_MVP,"To perform MVP PCR on 88 samples collected during the HRP2 survey is 2024 Sample Ids EE290-EE460,EE736-EE738",HRP2 2024_Batch11,96,N004,,Pf-03-9,8,KAPA HiFi ReadyMix,0,SLMM076,2025-06-12,Mulenga Mwenda,rapid,3,To sequence  90 samples from HRP2 study amplified on PCBM052,HRP2-32024_Batch8,96,200,10,167,Mk1b,800,800,11,,R10.4.1,New,1372,,0,SLMM076_C8,barcode59,10,8013644,EE390,PCBM052_C8,No sWGA,Field
PCBM052,2025-06-03,Brenda Mambwe,9,NOMADS_MVP,"To perform MVP PCR on 88 samples collected during the HRP2 survey is 2024 Sample Ids EE290-EE460,EE736-EE738",HRP2 2024_Batch11,96,N004,,Pf-03-9,8,KAPA HiFi ReadyMix,0,SLMM076,2025-06-12,Mulenga Mwenda,rapid,3,To sequence  90 samples from HRP2 study amplified on PCBM052,HRP2-32024_Batch8,96,200,10,167,Mk1b,800,800,11,,R10.4.1,New,1372,,0,SLMM076_D8,barcode60,10,8013645,EE391,PCBM052_D8,No sWGA,Field
PCBM052,2025-06-03,Brenda Mambwe,9,NOMADS_MVP,"To perform MVP PCR on 88 samples collected during the HRP2 survey is 2024 Sample Ids EE290-EE460,EE736-EE738",HRP2 2024_Batch11,96,N004,,Pf-03-9,8,KAPA HiFi ReadyMix,0,SLMM076,2025-06-12,Mulenga Mwenda,rapid,3,To sequence  90 samples from HRP2 study amplified on PCBM052,HRP2-32024_Batch8,96,200,10,167,Mk1b,800,800,11,,R10.4.1,New,1372,,0,SLMM076_E8,barcode61,10,8013647,EE393,PCBM052_E8,No sWGA,Field
PCBM052,2025-06-03,Brenda Mambwe,9,NOMADS_MVP,"To perform MVP PCR on 88 samples collected during the HRP2 survey is 2024 Sample Ids EE290-EE460,EE736-EE738",HRP2 2024_Batch11,96,N004,,Pf-03-9,8,KAPA HiFi ReadyMix,0,SLMM076,2025-06-12,Mulenga Mwenda,rapid,3,To sequence  90 samples from HRP2 study amplified on PCBM052,HRP2-32024_Batch8,96,200,10,167,Mk1b,800,800,11,,R10.4.1,New,1372,,0,SLMM076_F8,barcode62,10,8013648,EE394,PCBM052_F8,No sWGA,Field
PCBM052,2025-06-03,Brenda Mambwe,9,NOMADS_MVP,"To perform MVP PCR on 88 samples collected during the HRP2 survey is 2024 Sample Ids EE290-EE460,EE736-EE738",HRP2 2024_Batch11,96,N004,,Pf-03-9,8,KAPA HiFi ReadyMix,0,SLMM076,2025-06-12,Mulenga Mwenda,rapid,3,To sequence  90 samples from HRP2 study amplified on PCBM052,HRP2-32024_Batch8,96,200,10,167,Mk1b,800,800,11,,R10.4.1,New,1372,,0,SLMM076_G8,barcode63,10,8013649,EE395,PCBM052_G8,No sWGA,Field
PCBM052,2025-06-03,Brenda Mambwe,9,NOMADS_MVP,"To perform MVP PCR on 88 samples collected during the HRP2 survey is 2024 Sample Ids EE290-EE460,EE736-EE738",HRP2 2024_Batch11,96,N004,,Pf-03-9,8,KAPA HiFi ReadyMix,0,SLMM076,2025-06-12,Mulenga Mwenda,rapid,3,To sequence  90 samples from HRP2 study amplified on PCBM052,HRP2-32024_Batch8,96,200,10,167,Mk1b,800,800,11,,R10.4.1,New,1372,,0,SLMM076_H8,barcode64,10,8013650,EE396,PCBM052_H8,No sWGA,Field
PCBM052,2025-06-03,Brenda Mambwe,9,NOMADS_MVP,"To perform MVP PCR on 88 samples collected during the HRP2 survey is 2024 Sample Ids EE290-EE460,EE736-EE738",HRP2 2024_Batch11,96,N004,,Pf-03-9,8,KAPA HiFi ReadyMix,0,SLMM076,2025-06-12,Mulenga Mwenda,rapid,3,To sequence  90 samples from HRP2 study amplified on PCBM052,HRP2-32024_Batch8,96,200,10,167,Mk1b,800,800,11,,R10.4.1,New,1372,,0,SLMM076_A9,barcode65,10,8013651,EE397,PCBM052_A9,No sWGA,Field
PCBM052,2025-06-03,Brenda Mambwe,9,NOMADS_MVP,"To perform MVP PCR on 88 samples collected during the HRP2 survey is 2024 Sample Ids EE290-EE460,EE736-EE738",HRP2 2024_Batch11,96,N004,,Pf-03-9,8,KAPA HiFi ReadyMix,0,SLMM076,2025-06-12,Mulenga Mwenda,rapid,3,To sequence  90 samples from HRP2 study amplified on PCBM052,HRP2-32024_Batch8,96,200,10,167,Mk1b,800,800,11,,R10.4.1,New,1372,,0,SLMM076_B9,barcode66,10,8013656,EE402,PCBM052_B9,No sWGA,Field
PCBM052,2025-06-03,Brenda Mambwe,9,NOMADS_MVP,"To perform MVP PCR on 88 samples collected during the HRP2 survey is 2024 Sample Ids EE290-EE460,EE736-EE738",HRP2 2024_Batch11,96,N004,,Pf-03-9,8,KAPA HiFi ReadyMix,0,SLMM076,2025-06-12,Mulenga Mwenda,rapid,3,To sequence  90 samples from HRP2 study amplified on PCBM052,HRP2-32024_Batch8,96,200,10,167,Mk1b,800,800,11,,R10.4.1,New,1372,,0,SLMM076_C9,barcode67,10,8013658,EE404,PCBM052_C9,No sWGA,Field
PCBM052,2025-06-03,Brenda Mambwe,9,NOMADS_MVP,"To perform MVP PCR on 88 samples collected during the HRP2 survey is 2024 Sample Ids EE290-EE460,EE736-EE738",HRP2 2024_Batch11,96,N004,,Pf-03-9,8,KAPA HiFi ReadyMix,0,SLMM076,2025-06-12,Mulenga Mwenda,rapid,3,To sequence  90 samples from HRP2 study amplified on PCBM052,HRP2-32024_Batch8,96,200,10,167,Mk1b,800,800,11,,R10.4.1,New,1372,,0,SLMM076_D9,barcode68,10,8013662,EE408,PCBM052_D9,No sWGA,Field
PCBM052,2025-06-03,Brenda Mambwe,9,NOMADS_MVP,"To perform MVP PCR on 88 samples collected during the HRP2 survey is 2024 Sample Ids EE290-EE460,EE736-EE738",HRP2 2024_Batch11,96,N004,,Pf-03-9,8,KAPA HiFi ReadyMix,0,SLMM076,2025-06-12,Mulenga Mwenda,rapid,3,To sequence  90 samples from HRP2 study amplified on PCBM052,HRP2-32024_Batch8,96,200,10,167,Mk1b,800,800,11,,R10.4.1,New,1372,,0,SLMM076_E9,barcode69,10,8013665,EE411,PCBM052_E9,No sWGA,Field
PCBM052,2025-06-03,Brenda Mambwe,9,NOMADS_MVP,"To perform MVP PCR on 88 samples collected during the HRP2 survey is 2024 Sample Ids EE290-EE460,EE736-EE738",HRP2 2024_Batch11,96,N004,,Pf-03-9,8,KAPA HiFi ReadyMix,0,SLMM076,2025-06-12,Mulenga Mwenda,rapid,3,To sequence  90 samples from HRP2 study amplified on PCBM052,HRP2-32024_Batch8,96,200,10,167,Mk1b,800,800,11,,R10.4.1,New,1372,,0,SLMM076_F9,barcode70,10,8013666,EE412,PCBM052_F9,No sWGA,Field
PCBM052,2025-06-03,Brenda Mambwe,9,NOMADS_MVP,"To perform MVP PCR on 88 samples collected during the HRP2 survey is 2024 Sample Ids EE290-EE460,EE736-EE738",HRP2 2024_Batch11,96,N004,,Pf-03-9,8,KAPA HiFi ReadyMix,0,SLMM076,2025-06-12,Mulenga Mwenda,rapid,3,To sequence  90 samples from HRP2 study amplified on PCBM052,HRP2-32024_Batch8,96,200,10,167,Mk1b,800,800,11,,R10.4.1,New,1372,,0,SLMM076_G9,barcode71,10,8013667,EE413,PCBM052_G9,No sWGA,Field
PCBM052,2025-06-03,Brenda Mambwe,9,NOMADS_MVP,"To perform MVP PCR on 88 samples collected during the HRP2 survey is 2024 Sample Ids EE290-EE460,EE736-EE738",HRP2 2024_Batch11,96,N004,,Pf-03-9,8,KAPA HiFi ReadyMix,0,SLMM076,2025-06-12,Mulenga Mwenda,rapid,3,To sequence  90 samples from HRP2 study amplified on PCBM052,HRP2-32024_Batch8,96,200,10,167,Mk1b,800,800,11,,R10.4.1,New,1372,,0,SLMM076_H9,barcode72,10,8013670,EE416,PCBM052_H9,No sWGA,Field
PCBM052,2025-06-03,Brenda Mambwe,9,NOMADS_MVP,"To perform MVP PCR on 88 samples collected during the HRP2 survey is 2024 Sample Ids EE290-EE460,EE736-EE738",HRP2 2024_Batch11,96,N004,,Pf-03-9,8,KAPA HiFi ReadyMix,0,SLMM076,2025-06-12,Mulenga Mwenda,rapid,3,To sequence  90 samples from HRP2 study amplified on PCBM052,HRP2-32024_Batch8,96,200,10,167,Mk1b,800,800,11,,R10.4.1,New,1372,,0,SLMM076_A10,barcode73,10,8013671,EE417,PCBM052_A10,No sWGA,Field
PCBM052,2025-06-03,Brenda Mambwe,9,NOMADS_MVP,"To perform MVP PCR on 88 samples collected during the HRP2 survey is 2024 Sample Ids EE290-EE460,EE736-EE738",HRP2 2024_Batch11,96,N004,,Pf-03-9,8,KAPA HiFi ReadyMix,0,SLMM076,2025-06-12,Mulenga Mwenda,rapid,3,To sequence  90 samples from HRP2 study amplified on PCBM052,HRP2-32024_Batch8,96,200,10,167,Mk1b,800,800,11,,R10.4.1,New,1372,,0,SLMM076_B10,barcode74,10,8013674,EE420,PCBM052_B10,No sWGA,Field
PCBM052,2025-06-03,Brenda Mambwe,9,NOMADS_MVP,"To perform MVP PCR on 88 samples collected during the HRP2 survey is 2024 Sample Ids EE290-EE460,EE736-EE738",HRP2 2024_Batch11,96,N004,,Pf-03-9,8,KAPA HiFi ReadyMix,0,SLMM076,2025-06-12,Mulenga Mwenda,rapid,3,To sequence  90 samples from HRP2 study amplified on PCBM052,HRP2-32024_Batch8,96,200,10,167,Mk1b,800,800,11,,R10.4.1,New,1372,,0,SLMM076_C10,barcode75,10,8013078,EE423,PCBM052_C10,No sWGA,Field
PCBM052,2025-06-03,Brenda Mambwe,9,NOMADS_MVP,"To perform MVP PCR on 88 samples collected during the HRP2 survey is 2024 Sample Ids EE290-EE460,EE736-EE738",HRP2 2024_Batch11,96,N004,,Pf-03-9,8,KAPA HiFi ReadyMix,0,SLMM076,2025-06-12,Mulenga Mwenda,rapid,3,To sequence  90 samples from HRP2 study amplified on PCBM052,HRP2-32024_Batch8,96,200,10,167,Mk1b,800,800,11,,R10.4.1,New,1372,,0,SLMM076_D10,barcode76,10,8013081,EE426,PCBM052_D10,No sWGA,Field
PCBM052,2025-06-03,Brenda Mambwe,9,NOMADS_MVP,"To perform MVP PCR on 88 samples collected during the HRP2 survey is 2024 Sample Ids EE290-EE460,EE736-EE738",HRP2 2024_Batch11,96,N004,,Pf-03-9,8,KAPA HiFi ReadyMix,0,SLMM076,2025-06-12,Mulenga Mwenda,rapid,3,To sequence  90 samples from HRP2 study amplified on PCBM052,HRP2-32024_Batch8,96,200,10,167,Mk1b,800,800,11,,R10.4.1,New,1372,,0,SLMM076_E10,barcode77,10,8013082,EE427,PCBM052_E10,No sWGA,Field
PCBM052,2025-06-03,Brenda Mambwe,9,NOMADS_MVP,"To perform MVP PCR on 88 samples collected during the HRP2 survey is 2024 Sample Ids EE290-EE460,EE736-EE738",HRP2 2024_Batch11,96,N004,,Pf-03-9,8,KAPA HiFi ReadyMix,0,SLMM076,2025-06-12,Mulenga Mwenda,rapid,3,To sequence  90 samples from HRP2 study amplified on PCBM052,HRP2-32024_Batch8,96,200,10,167,Mk1b,800,800,11,,R10.4.1,New,1372,,0,SLMM076_F10,barcode78,10,8013085,EE429,PCBM052_F10,No sWGA,Field
PCBM052,2025-06-03,Brenda Mambwe,9,NOMADS_MVP,"To perform MVP PCR on 88 samples collected during the HRP2 survey is 2024 Sample Ids EE290-EE460,EE736-EE738",HRP2 2024_Batch11,96,N004,,Pf-03-9,8,KAPA HiFi ReadyMix,0,SLMM076,2025-06-12,Mulenga Mwenda,rapid,3,To sequence  90 samples from HRP2 study amplified on PCBM052,HRP2-32024_Batch8,96,200,10,167,Mk1b,800,800,11,,R10.4.1,New,1372,,0,SLMM076_G10,barcode79,10,8013086,EE430,PCBM052_G10,No sWGA,Field
PCBM052,2025-06-03,Brenda Mambwe,9,NOMADS_MVP,"To perform MVP PCR on 88 samples collected during the HRP2 survey is 2024 Sample Ids EE290-EE460,EE736-EE738",HRP2 2024_Batch11,96,N004,,Pf-03-9,8,KAPA HiFi ReadyMix,0,SLMM076,2025-06-12,Mulenga Mwenda,rapid,3,To sequence  90 samples from HRP2 study amplified on PCBM052,HRP2-32024_Batch8,96,200,10,167,Mk1b,800,800,11,,R10.4.1,New,1372,,0,SLMM076_H10,barcode80,10,8013088,EE432,PCBM052_H10,No sWGA,Field
PCBM052,2025-06-03,Brenda Mambwe,9,NOMADS_MVP,"To perform MVP PCR on 88 samples collected during the HRP2 survey is 2024 Sample Ids EE290-EE460,EE736-EE738",HRP2 2024_Batch11,96,N004,,Pf-03-9,8,KAPA HiFi ReadyMix,0,SLMM076,2025-06-12,Mulenga Mwenda,rapid,3,To sequence  90 samples from HRP2 study amplified on PCBM052,HRP2-32024_Batch8,96,200,10,167,Mk1b,800,800,11,,R10.4.1,New,1372,,0,SLMM076_A11,barcode81,10,8013089,EE433,PCBM052_A11,No sWGA,Field
PCBM052,2025-06-03,Brenda Mambwe,9,NOMADS_MVP,"To perform MVP PCR on 88 samples collected during the HRP2 survey is 2024 Sample Ids EE290-EE460,EE736-EE738",HRP2 2024_Batch11,96,N004,,Pf-03-9,8,KAPA HiFi ReadyMix,0,SLMM076,2025-06-12,Mulenga Mwenda,rapid,3,To sequence  90 samples from HRP2 study amplified on PCBM052,HRP2-32024_Batch8,96,200,10,167,Mk1b,800,800,11,,R10.4.1,New,1372,,0,SLMM076_B11,barcode82,10,8013090,EE434,PCBM052_B11,No sWGA,Field
PCBM052,2025-06-03,Brenda Mambwe,9,NOMADS_MVP,"To perform MVP PCR on 88 samples collected during the HRP2 survey is 2024 Sample Ids EE290-EE460,EE736-EE738",HRP2 2024_Batch11,96,N004,,Pf-03-9,8,KAPA HiFi ReadyMix,0,SLMM076,2025-06-12,Mulenga Mwenda,rapid,3,To sequence  90 samples from HRP2 study amplified on PCBM052,HRP2-32024_Batch8,96,200,10,167,Mk1b,800,800,11,,R10.4.1,New,1372,,0,SLMM076_C11,barcode83,10,8013104,EE438,PCBM052_C11,No sWGA,Field
PCBM052,2025-06-03,Brenda Mambwe,9,NOMADS_MVP,"To perform MVP PCR on 88 samples collected during the HRP2 survey is 2024 Sample Ids EE290-EE460,EE736-EE738",HRP2 2024_Batch11,96,N004,,Pf-03-9,8,KAPA HiFi ReadyMix,0,SLMM076,2025-06-12,Mulenga Mwenda,rapid,3,To sequence  90 samples from HRP2 study amplified on PCBM052,HRP2-32024_Batch8,96,200,10,167,Mk1b,800,800,11,,R10.4.1,New,1372,,0,SLMM076_D11,barcode84,10,8013106,EE440,PCBM052_D11,No sWGA,Field
PCBM052,2025-06-03,Brenda Mambwe,9,NOMADS_MVP,"To perform MVP PCR on 88 samples collected during the HRP2 survey is 2024 Sample Ids EE290-EE460,EE736-EE738",HRP2 2024_Batch11,96,N004,,Pf-03-9,8,KAPA HiFi ReadyMix,0,SLMM076,2025-06-12,Mulenga Mwenda,rapid,3,To sequence  90 samples from HRP2 study amplified on PCBM052,HRP2-32024_Batch8,96,200,10,167,Mk1b,800,800,11,,R10.4.1,New,1372,,0,SLMM076_E11,barcode85,10,8013114,EE443,PCBM052_E11,No sWGA,Field
PCBM052,2025-06-03,Brenda Mambwe,9,NOMADS_MVP,"To perform MVP PCR on 88 samples collected during the HRP2 survey is 2024 Sample Ids EE290-EE460,EE736-EE738",HRP2 2024_Batch11,96,N004,,Pf-03-9,8,KAPA HiFi ReadyMix,0,SLMM076,2025-06-12,Mulenga Mwenda,rapid,3,To sequence  90 samples from HRP2 study amplified on PCBM052,HRP2-32024_Batch8,96,200,10,167,Mk1b,800,800,11,,R10.4.1,New,1372,,0,SLMM076_F11,barcode86,10,8013117,EE444,PCBM052_F11,No sWGA,Field
PCBM052,2025-06-03,Brenda Mambwe,9,NOMADS_MVP,"To perform MVP PCR on 88 samples collected during the HRP2 survey is 2024 Sample Ids EE290-EE460,EE736-EE738",HRP2 2024_Batch11,96,N004,,Pf-03-9,8,KAPA HiFi ReadyMix,0,SLMM076,2025-06-12,Mulenga Mwenda,rapid,3,To sequence  90 samples from HRP2 study amplified on PCBM052,HRP2-32024_Batch8,96,200,10,167,Mk1b,800,800,11,,R10.4.1,New,1372,,0,SLMM076_G11,barcode87,10,8013121,EE447,PCBM052_G11,No sWGA,Field
PCBM052,2025-06-03,Brenda Mambwe,9,NOMADS_MVP,"To perform MVP PCR on 88 samples collected during the HRP2 survey is 2024 Sample Ids EE290-EE460,EE736-EE738",HRP2 2024_Batch11,96,N004,,Pf-03-9,8,KAPA HiFi ReadyMix,0,SLMM076,2025-06-12,Mulenga Mwenda,rapid,3,To sequence  90 samples from HRP2 study amplified on PCBM052,HRP2-32024_Batch8,96,200,10,167,Mk1b,800,800,11,,R10.4.1,New,1372,,0,SLMM076_H11,barcode88,10,8013124,EE448,PCBM052_H11,No sWGA,Field
PCBM052,2025-06-03,Brenda Mambwe,9,NOMADS_MVP,"To perform MVP PCR on 88 samples collected during the HRP2 survey is 2024 Sample Ids EE290-EE460,EE736-EE738",HRP2 2024_Batch11,96,N004,,Pf-03-9,8,KAPA HiFi ReadyMix,0,SLMM076,2025-06-12,Mulenga Mwenda,rapid,3,To sequence  90 samples from HRP2 study amplified on PCBM052,HRP2-32024_Batch8,96,200,10,167,Mk1b,800,800,11,,R10.4.1,New,1372,,0,SLMM076_A12,barcode89,10,8013127,EE450,PCBM052_A12,No sWGA,Field
PCBM052,2025-06-03,Brenda Mambwe,9,NOMADS_MVP,"To perform MVP PCR on 88 samples collected during the HRP2 survey is 2024 Sample Ids EE290-EE460,EE736-EE738",HRP2 2024_Batch11,96,N004,,Pf-03-9,8,KAPA HiFi ReadyMix,0,SLMM076,2025-06-12,Mulenga Mwenda,rapid,3,To sequence  90 samples from HRP2 study amplified on PCBM052,HRP2-32024_Batch8,96,200,10,167,Mk1b,800,800,11,,R10.4.1,New,1372,,0,SLMM076_B12,barcode90,10,8013134,EE452,PCBM052_B12,No sWGA,Field
PCBM052,2025-06-03,Brenda Mambwe,9,NOMADS_MVP,"To perform MVP PCR on 88 samples collected during the HRP2 survey is 2024 Sample Ids EE290-EE460,EE736-EE738",HRP2 2024_Batch11,96,N004,,Pf-03-9,8,KAPA HiFi ReadyMix,0,SLMM076,2025-06-12,Mulenga Mwenda,rapid,3,To sequence  90 samples from HRP2 study amplified on PCBM052,HRP2-32024_Batch8,96,200,10,167,Mk1b,800,800,11,,R10.4.1,New,1372,,0,SLMM076_C12,barcode91,10,8013136,EE453,PCBM052_C12,No sWGA,Field
PCBM052,2025-06-03,Brenda Mambwe,9,NOMADS_MVP,"To perform MVP PCR on 88 samples collected during the HRP2 survey is 2024 Sample Ids EE290-EE460,EE736-EE738",HRP2 2024_Batch11,96,N004,,Pf-03-9,8,KAPA HiFi ReadyMix,0,SLMM076,2025-06-12,Mulenga Mwenda,rapid,3,To sequence  90 samples from HRP2 study amplified on PCBM052,HRP2-32024_Batch8,96,200,10,167,Mk1b,800,800,11,,R10.4.1,New,1372,,0,SLMM076_D12,barcode92,10,8013151,EE459,PCBM052_D12,No sWGA,Field
PCBM052,2025-06-03,Brenda Mambwe,9,NOMADS_MVP,"To perform MVP PCR on 88 samples collected during the HRP2 survey is 2024 Sample Ids EE290-EE460,EE736-EE738",HRP2 2024_Batch11,96,N004,,Pf-03-9,8,KAPA HiFi ReadyMix,0,SLMM076,2025-06-12,Mulenga Mwenda,rapid,3,To sequence  90 samples from HRP2 study amplified on PCBM052,HRP2-32024_Batch8,96,200,10,167,Mk1b,800,800,11,,R10.4.1,New,1372,,0,SLMM076_E12,barcode93,10,8013152,EE460,PCBM052_E12,No sWGA,Field
PCBM052,2025-06-03,Brenda Mambwe,9,NOMADS_MVP,"To perform MVP PCR on 88 samples collected during the HRP2 survey is 2024 Sample Ids EE290-EE460,EE736-EE738",HRP2 2024_Batch11,96,N004,,Pf-03-9,8,KAPA HiFi ReadyMix,0,SLMM076,2025-06-12,Mulenga Mwenda,rapid,3,To sequence  90 samples from HRP2 study amplified on PCBM052,HRP2-32024_Batch8,96,200,10,167,Mk1b,800,800,11,,R10.4.1,New,1372,,0,SLMM076_F12,barcode94,10,8036014,EE736,PCBM052_F12,No sWGA,Field
PCBM052,2025-06-03,Brenda Mambwe,9,NOMADS_MVP,"To perform MVP PCR on 88 samples collected during the HRP2 survey is 2024 Sample Ids EE290-EE460,EE736-EE738",HRP2 2024_Batch11,96,N004,,Pf-03-9,8,KAPA HiFi ReadyMix,0,SLMM076,2025-06-12,Mulenga Mwenda,rapid,3,To sequence  90 samples from HRP2 study amplified on PCBM052,HRP2-32024_Batch8,96,200,10,167,Mk1b,800,800,11,,R10.4.1,New,1372,,0,SLMM076_G12,barcode95,10,8036015,EE737,PCBM052_G12,No sWGA,Field
PCBM052,2025-06-03,Brenda Mambwe,9,NOMADS_MVP,"To perform MVP PCR on 88 samples collected during the HRP2 survey is 2024 Sample Ids EE290-EE460,EE736-EE738",HRP2 2024_Batch11,96,N004,,Pf-03-9,8,KAPA HiFi ReadyMix,0,SLMM076,2025-06-12,Mulenga Mwenda,rapid,3,To sequence  90 samples from HRP2 study amplified on PCBM052,HRP2-32024_Batch8,96,200,10,167,Mk1b,800,800,11,,R10.4.1,New,1372,,0,SLMM076_H12,barcode96,10,8036016,EE738,PCBM052_H12,No sWGA,Field
