location,lat,long
chibwelelo,-14.1023883333333,28.6492866666667
kashitu,-13.6841708333334,28.8621708333333
chibefwe,-13.6055975,29.3988625
nkumbi,-13.7545316666667,29.0010366666666
kalwa,-13.8465791666667,29.8773325
mubofwe,-14.3867083333333,28.87762
katukutu,-14.2926958333334,29.2064516666667
nangoma,-15.0476916666667,27.4212841666667
chisalu,-15.1666783333333,27.4215025
mpusu,-14.4676833333333,27.0527316666667
chunga,-15.2989683333333,28.27697
musangashi,-13.1150212115608,29.8755382653326
lulimala,-12.2047695145011,30.1347166666667
sokontwe,-12.2335750768557,29.4997702384183
luwo,-11.8066925,28.743355376646
lukangaba,-11.2950442847796,28.8647897075862
katangishi,-11.3602773472667,29.4962858183465
chifunabuli,-11.16379,29.6100845234469
katanshya,-11.457735,29.8241233333333
intandashi,-11.071527394516,29.405448990874
masaninga,-13.5808826048676,29.9476883333333
mansa,-11.1719925,28.8761216666666
chachacha,-10.2919766666666,28.6775241666667
ifuna,-8.813775,29.1107591666667
munkombwe,-9.14869666666667,29.1696608333334
kabuta,-9.11844583333334,28.9021016666667
nchelenge,-9.3367425,28.7474675
filenge,-10.1141541666667,29.2755808333333
kanshimba,-10.6835141666667,29.1197941666667
musakanya,-11.82931,31.450205
chondwe,-13.1486216666666,28.767705
miengwe,-13.4688941666667,28.6721808333333
muswishi,-14.4923835480586,28.7220610591614
kawama,-14.4034632894981,28.4334644721821
lukanga,-14.4249680056237,28.4595290987135
chibombo,-14.6260716666667,28.096495
keembe,-14.9454123806208,27.7795045310631
chamuka,-14.932038676925,28.5763016666667
chilochabalenje,-15.13183,27.879695
chishibesonde,-11.8944102052676,31.5053516666666
buteko,-13.1314825,28.4333891666667
bupe,-12.8334666666667,28.2451966666667
pamodzi,-12.9272208333334,28.6340658333333
kantolomba,-13.0086916666667,28.60292
nkwazi,-12.94074,28.6479141666667
mishikishi,-13.4164275,28.642115
mpongwe central,-13.517415,28.1649983333334
kashiba,-13.4069075,27.9514633333334
ipumbu,-13.66571,28.0146933333333
munkumpu,-13.5181975,27.72808
luansobe,-13.5967158333334,28.5705433333333
kafue,-12.5981183333333,28.1624633333333
chibanga,-12.8977866666667,28.0125925
luswishi,-12.9928483333333,27.2698916666667
mpindi,-13.112265,27.3894191666667
ipafu,-12.5240783333333,27.707195
kalilo,-12.4956208333333,27.7732941666667
kansanta,-12.57603,27.47288
mutenda,-12.4510791666667,27.4353891666667
river side,-12.7847316666666,28.2295666666667
lubanga,-12.87369,27.9684666666667
lulamba,-12.664005,28.0762716666667
singozi,-13.9783645614596,31.2694441666667
lutwazi,-14.1218533333333,31.2614889679335
mbande,-13.9642366666667,32.8486029244959
mkowe,-13.4983097985359,32.392132687124
chanjowe,-13.9750666666667,32.45879
ngala,-14.0838383333333,32.67041
yowoyani,-14.2300466666666,32.2236325
dole,-14.2167391511611,32.0249131721218
kazakaluba,-13.9805782958865,32.20475
kasangazi,-14.0635568394023,31.7051565181464
nchembwe,-14.4166479818523,31.7451616666667
kapata,-13.63601,32.6649174559861
dilika,-13.6467366666666,32.6636891666667
msanga,-13.5977991666667,32.6224025
nsingo,-13.7726541666667,32.72959
khova,-13.8352783333333,32.5265358333334
kakumbi,-13.1334491666667,31.8497758333334
nsefu,-13.1162525,31.884895
madziatuba,-13.1849833333333,32.6679416666666
nthope,-13.1931875,32.454955
kwenje,-13.8804966666667,32.1649766666666
kaozi,-11.1347792996094,33.1348513718694
magodi,-11.9620330142789,33.1662572314962
chilenje,-11.8764531468647,32.5625473447144
susa,-11.8835083333333,33.2590733333333
chizingizi,-12.1405783333333,32.8969080839306
lumimba,-12.4346275,32.2826463691278
kaikumbe,-12.3610958333333,32.9950704032871
chamtowa,-12.4748897418217,32.9904275
nthitimila,-12.5450299638861,33.1849530307614
lunevwa,-12.4754543667758,33.2907010399252
mnyamazi,-12.2942780834129,33.1662466226898
bunda_bunda,-15.2529439050704,28.9690718147904
kabuyu,-15.104402708821,28.9251216666667
kapoche,-14.2746679717675,31.7295816666667
kovyane,-14.3678133333333,31.4624419994652
nyika,-14.2372684646398,31.3145243749022
lusinde,-14.5456134056622,31.3900275579919
lwezi,-14.5978531674401,30.9049033333334
nyimba,-14.574324367002,30.8336535841227
mankhokwe,-15.043385,30.2279176656157
chiyaba,-15.8253666666667,29.1194416666667
matanda,-15.77617,28.1750225
magoba,-15.6665858333333,28.020155
shimabala,-15.6919283333334,28.2389941666667
chifwema,-15.6924958333333,28.5040808333333
kabanana,-15.3461283333334,28.2917825
ngwerere,-15.3883533333333,28.2902016666667
harry mwanga nkumbula,-15.4360316666667,28.2730433333333
nkoloma,-15.4481216666667,28.2772116666667
libala,-15.4719983333333,28.3268366666667
chinyanja,-15.3481325,27.9432733333333
mwembeshi,-15.3129183333334,27.796905
munkolo,-15.4655033333333,28.2421966666667
kaanzwa,-15.5905336677096,26.1902574682608
mandondo,-15.991233503446,27.0198160596192
namwala central,-15.7657125941478,26.4470317913219
stateland,-16.8387542827986,26.9068553717807
mubula,-16.8305555032566,26.9769463129342
namwianga,-17.0331995585002,26.6536514041945
luyaba,-17.5040044094405,26.536487150006
omba,-16.5211662766524,26.1787297949195
mandia,-17.8433768218384,25.4262622911483
freedom,-17.8367617819458,25.8195961732417
katoba,-15.57656,28.6860891666667
nchute,-15.5164733333333,28.686585
manyika,-15.404015,28.7690716666667
chainda,-15.31782,28.5765858333333
kanakantapa,-15.2277,28.6003966666667
chongwe,-15.3281183333333,28.6927916666667
mulamba,-15.1430591666666,29.4736325
nyangwena,-15.2867775,28.8156675
kapete,-15.2755608333334,28.7499533333334
chambeshi,-10.3923417488113,31.8313469685841
motomoto,-8.78595784306526,31.3920671632513
chibulula,-8.79247885895893,31.0783664742485
nkonta,-8.89554406050592,29.4789487263188
kalungwishi,-10.0023530017086,30.4971501040703
lwata,-10.7007291913033,30.3868504520506
luangwa,-11.4269959973171,30.3792620636523
manshya,-11.2241459337858,31.8281780881807
mahobe,-10.429005,33.5715035162866
kalungu,-9.72951513715088,32.7145847585052
mpande,-9.66993072303012,32.7504307458935
mukololo,-9.0583602335752,31.9072754122252
chela,-9.36453666666667,31.359715
chibundu,-10.4421055207818,31.2409906089306
chibwa,-11.7888782545924,31.0409366666667
lukulu,-11.9787146151066,30.3718766666667
kimale,-12.1890775,26.4732925
mulonga,-11.9754058333334,26.77353
musele,-12.2605616666667,25.2114733333334
chovwe,-12.3713033333334,25.0873233333333
kasampula,-11.456725,25.2356916666666
nyakaseya,-11.1524491666666,24.1926516666666
sewe mungole,-13.0447516666667,22.693205
chileng a chizenzi,-13.5098933333333,23.2102233333333
muyembe,-13.44845,22.7435741666667
kasamba,-13.25875,24.5007733333333
kanongo,-13.7473883333333,26.138025
miluji,-14.5638833333334,25.0360283333333
ilute,-15.2791025,23.1607333333334
mwanambuyu,-15.93306,23.3389166666667
namengo,-15.7326858333333,23.8547591666666
makuku,-14.9641058333333,22.9909491666667
naliele,-14.853725,24.7435375
nyambi,-15.4706941666667,24.7580458333333
munkuye,-14.851345,25.173585
lwambimba,-14.148215,22.4384083333333
lukona,-15.3966916666667,22.85784
lyamakumba,-15.9340658333333,23.0699541666666
lilondo,-16.5066308333334,22.1653341666667
ng'umbele,-15.7831233333334,22.0620833333333
mweezya,-17.3100953525864,27.3149853665381
dobo,-16.7593805078557,27.4229635528355
chibuwe,-16.8012146931142,27.8599632158875
chipembele,-16.3292853430747,27.5965441666667
chona,-16.2784325,27.6538597006456
bennie mwiinga,-15.8788242819719,27.7473627252914
lubombo,-15.8248824812472,27.88463
kasengo,-15.8312541666666,28.07832
chivuna,-16.2123224982768,27.8102169558406
ng'ombe ilede,-16.1596591666667,28.8052515825257
manchamvwa lake shore,-16.5216314094141,28.3790583333333
milenge east 7 rural health centre,-12.4161389999,29.4854549997
makwe health post,-13.8093620003,32.6538730001
ilondola rural health centre,-10.7175360003,31.8010670001
central urban health centre,-11.2034,28.887
mufulira clinic 3 urban health centre,-12.563865,28.2323559996
ronald ross hospital,-12.5480229997,28.2415910001
katondwe mission hospital,-15.2465429998,30.2475470001
mokambo rural health centre,-12.4363860001,28.3398689997
senama urban health centre,-11.1778510002,28.8847499999
st joseph rural health centre,-14.8981540001,30.3947009999
kamphambe rural health centre,-14.0232069998,32.158588
mzigawa health post,-13.851967,32.9026849997
chipokota mayamba urban health centre,-12.9320089996,28.6095480001
kasanka rural health centre,-11.9678840003,29.512841
sokontwe rural health centre,-12.3062599996,29.4514429997
chilonga opd urban health centre,-12.0276209996,31.33991
katandala rural health centre,-13.7164269998,32.7504719996
roan antelope referral hospital,-13.1366039998,28.3881270002
chambishi government urban health centre,-12.6379160001,28.0552049997
kamuchanga district hospital,-12.5768010003,28.2455170004
mkanda rural health centre,-13.4720689997,32.8058920003
chalabesa rural health centre,-11.3756790004,31.0134429996
isoka district hospital,-10.1624610003,32.6291880003
kafumbwe rural health centre,-14.2165089999,32.2375829998
butondo c urban health centre,-12.520124,28.2026900003
mpongwe mission hospital,-13.5106720001,28.1566470004
chimwemwe urban health centre,-12.7712290001,28.2019009999
kawama urban health centre (ndola),-12.9141099998,28.6181470001
masaiti district hospital,-13.3340809999,28.6878090002
mwense rural health centre,-10.3925770001,28.7091519997
ngwerere main rural health centre,-15.3055159998,28.3180590002
twatasha urban health centre (kitwe),-12.7569239996,28.1913509999
chinyunyu rural health centre,-15.2637150002,28.9979620001
musangu rural health centre,-10.2470560001,28.6493589996
mwense district hospital,-10.3598619996,28.6936410002
chembe rural health centre,-11.9676539996,28.7457270001
kazembe zonal rural health centre,-9.81998599995,28.761248
tamanda rural health centre,-13.4404720004,32.8823049997
chisengu health post,-13.2996989999,32.2190199999
chalata rural health centre,-13.5509890004,29.683149
chiawa rural health centre,-15.8961340003,29.0428580003
chitanda rural health centre,-14.6370540004,27.5931109996
kabompo district hospital,-13.5956790001,24.2044060002
kalabo district hospital,-14.9932389999,22.6806919996
kaoma health centre,-14.8047549998,24.7983910004
kasakalawe rural health centre,-8.79200600038,31.0828309997
katima mulilo rural health centre,-17.4713509999,24.242585
kazomba health centre,-12.1887220004,26.3766690001
kimasala health centre,-12.151426,26.3861239999
limulunga stage ii rural health centre,-15.1346300001,23.1457499998
location health post,-10.2222029998,31.1848279998
loloma mission district hospital,-13.4052229999,24.3284530001
luampa mission district hospital,-15.0570479999,24.4433620004
maheba a rural health centre,-12.3856959999,25.9297609997
malombe rural health centre,-14.6785300003,28.1887299996
mbala health centre,-8.83959299962,31.3556959996
mpulungu district hospital,-8.78560600022,31.1331669998
muchinka rural health centre,-12.9373060002,30.4400239999
mufumbwe hospital affiliated health centre,-13.1458509999,25.0335689999
mulilima rural health centre,-13.3657669997,29.9160240003
mungwi rural health centre,-10.166998,31.3645299996
musenga rural health post,-12.5963780001,27.9612220004
musofu rural health centre,-13.514023,29.0413029996
nkeyema rural health centre,-14.869777,25.3799299996
nondo rural health centre,-9.560713,31.1997370003
senga district hospital,-9.36503400002,31.2382920003
serenje hospital affiliated health centre,-13.2344829998,30.2349370004
sikongo rural health centre,-15.0350449996,22.1542679998
st dorothy rural health centre,-12.3382010004,27.0642810003
tulemane health centre,-8.8392200004,31.3554309999
zambezi district hospital affiliated health centre,-13.543667,23.1106750002
chisanga health centre,-10.2455489999,31.1958980004
kasempa health centre,-13.4586359999,25.8326930002
zambezi rural health centre,-17.4402389996,24.3773369998
chingi rural health centre,-13.0019829997,22.7264229996
njoko mission rural health centre,-17.0756330004,24.0360759997
mutaba health centre,-13.9213030003,28.6738369998
